EIA ID,Project Name,Solar COD,Solar COD Year,Region,State,Latitude,Longitude,Avg GHI,Solar Tech Main,Solar Tech Sub,Solar Capacity MW-DC,Solar Capacity MW-AC,ILR,Mount,Tracking Type,Tilt,Azimuth,Hybrid?,Storage Tech,Storage Coupling,Storage COD Year,Storage Capacity MW,Storage Energy MWh,2024 Energy Value ($/MWh),2024 Capacity Value ($/MWh),PV LCOE no Tax Credits (2024$/MWh),PV LCOE with Federal Tax Credits (2024$/MWh),Offtaker Type,Levelized PV PPA 2024$/MWh,2008 Capacity Factor,2009 Capacity Factor,2010 Capacity Factor,2011 Capacity Factor,2012 Capacity Factor,2013 Capacity Factor,2014 Capacity Factor,2015 Capacity Factor,2016 Capacity Factor,2017 Capacity Factor,2018 Capacity Factor,2019 Capacity Factor,2020 Capacity Factor,2021 Capacity Factor,2022 Capacity Factor,2023 Capacity Factor,2024 Capacity Factor,region,levelten_ppa_2024_usd_mwh,trio_ppa_2024_usd_mwh,vs_levelten_usd_mwh,vs_trio_usd_mwh
56481,Alamosa Photovoltaic Solar Plant (SunE Alamosa),2007-12-01,2007,West (non-ISO),CO,37.689191,-105.878331,5.3721260274,PV,"Combo (c-Si, CPV)",8.22,6.9,1.191304347826087,Combo,"Fixed, Single, Double",20,180,,,,,,,15.39,25.25,427.52,276.82,Investor-owned Utility,280.70365110242284,,,,,,,,,,,,,,,,,,,,,,
56944,Copper Mountain Solar 1 (CM10) - Phase 1 (El Dorado Energy Solar Project),2008-12-01,2008,CAISO,NV,35.786511,-114.99801,5.6636732877,PV,Thin-Film,12.1365,10.0,1.21365,Fixed Tilt,Fixed Tilt,25,180,,,,,,,10.0,10.79,225.54,150.58,Investor-owned Utility,196.15418089119913,,0.247271689497716,0.241392694063926,0.245958904109589,0.241860200364298,0.232591324200913,0.22681506849315,0.226997716894977,0.216996812386156,0.220559360730593,0.223687214611872,0.25755707762557,0.249920309653916,0.213310502283105,0.216301369863013,0.219189497716894,0.204781420765027,CAISO,47.062378042568895,,149.09180284863024,
56939,NRG Solar Blythe I (not to be confused with 2016 NextEra plants),2009-12-01,2009,CAISO,CA,33.591341,-114.74439,5.6800582192,PV,Thin-Film,25.2,21.0,1.2,Fixed Tilt,Fixed Tilt,24,180,,,,,,,9.49,9.77,152.83,104.02,Investor-owned Utility,136.59071682183776,,,0.271010002174385,0.27872907153729,0.258630410269754,0.25888236573168,0.254076973255055,0.249554250924113,0.246497961661896,0.239225918677973,0.229892367906066,0.235485975212002,0.225306834937982,0.22427701674277,0.228381169819526,0.220276146988475,0.226439847341486,CAISO,47.062378042568895,,89.52833877926886,
57203,PSEG Wyandot Solar Facility,2010-03-15,2010,PJM,OH,40.880121,-83.31611,3.8374769406,PV,Thin-Film,12.015,10.08,1.1919642857142858,Fixed Tilt,Fixed Tilt,25,180,,,,,,,36.69,3.57,389.67,257.92,Investor-owned Utility,259.6675658371526,,,,0.159319054867,0.178027058576921,0.160847919837645,0.165264640863955,0.165140066681162,0.162610771388093,0.154120913966804,0.147733655867217,0.141686145538885,0.133551352386734,0.149092646952236,0.143826556497789,0.116001214032035,0.133438412553849,PJM,67.26257488116934,69.4054084837035,192.40499095598327,190.2621573534491
57202,PSEG Jacksonville Solar,2010-09-01,2010,Southeast (non-ISO),FL,30.320471,-81.95693,4.7382465753,PV,Thin-Film,15.0,12.6,1.1904761904761905,Fixed Tilt,Fixed Tilt,20,180,,,,,,,,,357.63,236.48,Public Utilities,236.0750942111109,,,,0.209511125607016,0.189883482233209,0.193855548307603,0.190693629049793,0.181244111038631,0.186007387168589,0.184233891425672,0.160089149815177,0.165923751540189,0.147156084656084,0.146091541639486,0.166349568746829,0.13702254113213,0.106606167056986,,,,,
57197,Blue Wing Solar Project,2010-11-01,2010,ERCOT,TX,29.304177,-98.40034,4.7898180365,PV,Thin-Film,16.6,13.9,1.1942446043165469,Fixed Tilt,Fixed Tilt,20,205,,,,,,,23.42,,290.58,193.27,Public Utilities,227.19687887197202,,,,0.235200880391577,0.206334932054356,0.194540258204395,0.190047961630695,0.180422785059623,0.18986450184115,0.185555665056995,0.178993791268355,0.178353207844683,0.167423438298541,0.16298741828455,0.175084589862356,0.146077658421208,0.15626023771147,ERCOT,39.2439613600786,40.6691340939596,187.95291751189342,186.52774477801242
57377,Greater Sandhill Solar Plant 1,2010-12-01,2010,West (non-ISO),CO,37.686441,-105.887001,5.3721260274,PV,c-Si,20.35044,19.0,1.0710757894736842,Tracking,Single Axis,20,177,,,,,,,15.42,25.05,197.93,130.65,Investor-owned Utility,171.94119373337955,,,,0.293571256909396,0.294380931837791,0.286523672194184,0.278646959865417,0.274291035808699,0.283428003067778,0.283645758231194,0.285021629416005,0.281386685892814,0.286166235260281,0.27657414083153,0.259024273011295,0.260454217736121,,,,,,
57243,Cimarron I Solar Project,2010-12-01,2010,West (non-ISO),NM,36.468471,-104.63501,5.3614771689,PV,Thin-Film,36.8,30.64,1.2010443864229763,Fixed Tilt,Fixed Tilt,25,180,,,,,,,13.75,28.0,187.02,126.23,Public Utilities,152.15397044197286,,,,0.253265197849231,0.259785029272306,0.24810138655412,0.232643483910964,0.226466283963422,0.236655954096458,0.227159262968394,0.235709729723285,0.229912550520404,0.232312518131708,0.235698552642559,0.226067634750885,0.212465127508136,0.165804816019632,,,,,
57205,Copper Mountain Solar 1 (CM48) - Phase 2 Expansion,2010-06-01,2010,CAISO,NV,35.782011,-114.99265,5.6636732877,PV,Thin-Film,60.5,48.0,1.2604166666666667,Fixed Tilt,Fixed Tilt,25,180,,,,,,,10.04,9.87,162.15,110.53,Investor-owned Utility,194.36154239930443,,,,0.256953957382039,0.252300584395871,0.25031154870624,0.246042617960426,0.242427701674277,0.233120351396478,0.240686834094368,0.238310977929984,0.233005136986301,0.237870939587128,0.22437452435312,0.233304794520548,0.221820300608828,0.223763850941105,CAISO,47.062378042568895,,147.29916435673553,
57565,Stanton Solar Farm (RP Orlando) Phase 1,2011-11-05,2011,Southeast (non-ISO),FL,28.489691,-81.18187,4.8871292237,PV,c-Si,5.91542,5.5,1.075530909090909,Tracking,Single Axis,Tracking,180,,,,,,,19.69,32.73,255.78,169.83,Public Utilities,220.90620285859495,,,,,0.210775790693823,0.198630136986301,0.193005396430054,0.191075134910751,0.203655406524259,0.190037359900373,0.193939393939393,0.179618098796181,0.177119556217916,0.191697799916978,0.186052303860523,0.181569115815691,0.169543798642159,,,,,
57359,Avenal Park Solar Project (Avenal),2011-08-11,2011,CAISO,CA,35.990841,-120.106661,5.3520027397,PV,Thin-Film,7.69,6.0,1.2816666666666667,Fixed Tilt,Fixed Tilt,25,180,,,,,,,-39.57,13.56,255.61,170.18,Investor-owned Utility,288.6224672020268,,,,,0.241461748633879,0.254052511415525,0.243321917808219,0.242636986301369,0.242125834851244,0.20294901065449,0.200665905631659,0.196461187214611,0.213266545233758,0.209322678843226,0.206849315068493,0.201388888888888,0.180119156041287,CAISO,47.062378042568895,,241.56008915945793,
57736,SPS - Dollarhide,2011-09-01,2011,SPP,NM,32.128481,-103.13771,5.5821390411,PV,c-Si,10.8864,9.9,1.0996363636363635,Tracking,Single Axis,Tracking,181,,,,,,,45.26,23.52,,,Investor-owned Utility,150.8336730650166,,,,,0.255825559787308,0.265428255154282,0.255050505050505,0.245191642451916,0.248599082896591,0.233386358516174,0.203057977030579,0.21943176052765,0.244510220603116,0.246321664129883,0.260089479267561,0.255038974217056,0.264841033283656,SPP,46.824108692098186,48.39181586613081,104.00956437291842,102.44185719888578
57361,Sand Drag Solar Project (Avenal),2011-08-11,2011,CAISO,CA,35.980591,-120.102951,5.3520027397,PV,Thin-Film,24.36,19.0,1.2821052631578946,Fixed Tilt,Fixed Tilt,25,180,,,,,,,-39.56,14.46,241.77,161.52,Investor-owned Utility,288.6224672020269,,,,,0.241809270443869,0.254265801490026,0.244706801249699,0.243913722662821,0.240664845173041,0.203893294881038,0.212521028598894,0.190747416486421,0.215032115808647,0.221094688776736,0.213326123527998,0.200769045902427,0.168919566676253,CAISO,47.062378042568895,,241.560089159458,
57360,Sun City Project (Avenal),2011-08-05,2011,CAISO,CA,35.984951,-120.100991,5.3520027397,PV,Thin-Film,25.64,20.0,1.282,Fixed Tilt,Fixed Tilt,25,180,,,,,,,-39.58,12.66,241.46,161.22,Investor-owned Utility,288.622467202027,,,,,0.244780282331511,0.252842465753424,0.244845890410958,0.243692922374429,0.238786429872495,0.202671232876712,0.211963470319634,0.184982876712328,0.214617486338797,0.208407534246575,0.206586757990867,0.19597602739726,0.192964480874316,CAISO,47.062378042568895,,241.5600891594581,
57318,Copper Crossing,2011-09-30,2011,West (non-ISO),AZ,33.159131,-111.48137,5.762516895,PV,c-Si,25.0,20.0,1.25,Tracking,Single Axis,Tracking,180,,,,,,,15.15,28.34,173.51,115.8,Public Utilities,151.5366663549656,,,,,0.290875455373406,0.305034246575342,0.302762557077625,0.295542237442922,0.308481329690346,0.300039954337899,0.285896118721461,0.293647260273972,0.301064435336976,0.291729452054794,0.299155251141552,0.293144977168949,0.285911885245901,,,,,
57338,NRG Solar - Roadrunner,2011-08-29,2011,West (non-ISO),NM,31.803161,-106.67058,5.8972486301,PV,Thin-Film,23.9184,20.16,1.1864285714285714,Tracking,Single Axis,Tracking,180,,,,,,,,,156.17,104.91,Investor-owned Utility,147.0563870466304,,,,,0.302034995084858,0.299980294629267,0.291209139668043,0.286101598173516,0.295716011434932,0.295773084728564,0.280308898673624,0.290037009857215,0.281502533466331,0.268655550119591,0.266084791983764,,0.262404407725446,,,,,
57699,Webberville Project - Austin Energy PV Project,2011-12-29,2011,ERCOT,TX,30.238791,-97.50872,4.7175917808,PV,c-Si,34.992,30.0,1.1663999999999999,Tracking,Single Axis,Tracking,182,,,,,,,24.04,,221.88,147.9,Public Utilities,180.6545853068425,,,,,0.242789921068609,0.224421613394216,0.220547945205479,0.204448249619482,0.167315573770491,0.237610350076103,0.217732115677321,0.214927701674276,0.217824074074074,0.20945205479452,0.238839421613394,0.21472602739726,0.21346766848816,ERCOT,39.2439613600786,40.6691340939596,141.4106239467639,139.9854512128829
57317,San Luis Valley Solar Ranch,2011-11-01,2011,West (non-ISO),CO,37.694141,-105.91996,5.3455022831,PV,c-Si,35.1,30.4,1.154605263157895,Tracking,Single Axis,Tracking,180,,,,,,,15.68,24.97,171.15,114.25,Investor-owned Utility,151.34880442988785,,,,,0.290478763721119,0.273123948570055,0.294749609468877,0.277036770007209,0.289259478956955,0.28635319033886,0.291722993270848,0.273435622446527,0.286518250886779,0.24671803652968,0.242204397981254,0.2732516222062,0.26870775812482,,,,,
57589,Long Island Solar Farm,2011-11-01,2011,NYISO,NY,40.86572,-72.850242,4.0036356164,PV,c-Si,37.69,31.5,1.1965079365079365,Fixed Tilt,Fixed Tilt,28,180,,,,,,,43.78,8.78,319.42,211.31,Public Utilities,363.3954928781191,,,,,0.190508717148061,0.18778357613974,0.184177719794158,0.189486844966297,0.194108335501778,0.171453939262158,0.176705080814669,0.183467420453721,0.175257322115245,0.181412625933173,0.18193447850982,0.165383779082409,0.173034666204065,NYISO,,,,
58549,Port Allen Solar Farm,2012-12-12,2012,HI,HI,21.901461,-159.58287,5.3850440639,PV,c-Si,7.2,5.760000000000001,1.2499999999999998,Fixed Tilt,Fixed Tilt,10,180,PV+Storage,Lead Acid,AC,2012.0,3.0,2.0100000000000002,172.03,,224.43,149.8,Public Utilities,222.32448766033556,,,,,,0.237956202435312,0.224755479452054,0.214187671232876,0.202868852459016,0.21033105022831,0.222526636225266,0.211586757990867,0.174559805707346,0.234741248097412,0.215639269406392,0.19792855783866,,,,,,
58042,Black Mountain Solar Project,2012-12-15,2012,West (non-ISO),AZ,35.022791,-114.16237,5.7839205479,PV,c-Si,9.975,9.0,1.1083333333333334,Tracking,Single Axis,Tracking,180,,,,,,,12.7,26.91,165.22,110.11,Investor-owned Utility,155.92727942057638,,,,,,0.284982242516489,0.283181126331811,0.278348554033485,0.261232544019429,0.268176052765093,0.267376966007103,0.264180618975139,0.259752580449301,0.258548959918823,0.264624556062912,0.257102993404363,0.244497571341833,,,,,
57986,El Chaparral (SunE EPE 1),2012-06-01,2012,West (non-ISO),NM,32.03541,-106.33749,5.8384073059,PV,c-Si,11.3,10.0,1.1300000000000001,Tracking,Single Axis,38,180,,,,,,,,,,,Investor-owned Utility,113.94580882964735,,,,,,0.301164383561643,0.309566210045662,0.296381278538812,0.302561475409836,0.313082191780821,0.265296803652968,0.290136986301369,0.260587431693989,0.273538812785388,0.293116438356164,0.292477168949771,0.307570582877959,,,,,
57985,Las Cruces Centennial Solar Farm (SunE EPE 2),2012-05-01,2012,West (non-ISO),NM,32.247558,-106.91173,5.8929127854,PV,c-Si,13.692,12.0,1.141,Tracking,Single Axis,38,180,,,,,,,,,170.27,112.99,Investor-owned Utility,113.96247525081375,,,,,,0.317808219178082,0.312947108066971,0.294739345509893,0.304056618093503,0.298040334855403,0.25408105022831,0.277016742770167,0.29603066180935,0.275599315068493,0.280136986301369,0.249961948249619,0.276999848208864,,,,,
57883,PSEG Queen Creek Solar Farm,2012-10-01,2012,West (non-ISO),AZ,33.266711,-111.61336,5.8016344749,PV,c-Si,25.284,19.0,1.330736842105263,Tracking,Single Axis,Tracking,180,,,,,,,15.74,28.6,164.62,110.47,Public Utilities,122.10097961373098,,,,,,0.320121365056476,0.313157894736842,0.304355924056717,0.312428098935864,0.307540254746455,0.297746935832732,0.286103100216294,0.284212923017927,0.291786830088921,0.264906272530641,0.279043499158856,0.243600805291918,,,,,
58489,Apex Solar (NV),2012-09-01,2012,West (non-ISO),NV,36.392261,-114.96456,5.6922251142,PV,c-Si,24.8,20.0,1.24,Tracking,Single Axis,Tracking,190,,,,,,,10.58,10.87,197.77,130.58,Investor-owned Utility,147.19768550331648,,,,,,0.30083904109589,0.29843607305936,0.279280821917808,0.29731329690346,0.295707762557077,0.296535388127853,0.292842465753424,0.301838570127504,0.28904109589041,0.294668949771689,0.283464611872146,0.286139571948998,,,,,
58486,FRV Picture Rocks (FRV Tucson Solar),2012-11-29,2012,West (non-ISO),AZ,32.369722,-111.242778,5.7922134703,PV,c-Si,25.16,20.0,1.258,Tracking,Single Axis,Tracking,180,,,,,,,10.94,23.78,151.88,101.78,Investor-owned Utility,150.30574576065052,,,,,,0.319594748858447,0.313373287671232,0.300091324200913,0.317326958105646,0.304874429223744,0.299880136986301,0.29398401826484,0.300905054644808,0.292146118721461,0.300747716894977,0.279600456621004,0.283623633879781,,,,,
58408,Maryland Solar Farm,2012-12-01,2012,PJM,MD,39.562891,-77.718831,4.0483876712,PV,Thin-Film,29.05875,20.0,1.4529375,Fixed Tilt,Fixed Tilt,20,180,,,,,,,37.17,3.33,219.39,149.14,Investor-owned Utility,255.67316080938596,,,,,,0.220022831050228,0.205958904109589,0.208538812785388,0.215977914389799,0.203966894977168,0.195393835616438,0.198281963470319,0.185655737704918,0.18904109589041,0.17060502283105,0.187214611872146,0.182103825136612,PJM,67.26257488116934,69.4054084837035,188.41058592821662,186.26775232568247
58002,Alpaugh North (2nd Phase),2012-12-28,2012,CAISO,CA,35.909771,-119.426211,5.3093230594,PV,c-Si,26.53,20.0,1.3265,Tracking,Single Axis,Tracking,180,,,,,,,7.45,13.65,185.87,125.29,Investor-owned Utility,186.7627569657708,,,,,,0.291727910958904,0.305530821917808,0.289069634703196,0.298673724954462,0.287751141552511,0.277442922374429,0.259372146118721,0.25625,0.248829908675799,0.266700913242009,0.127762557077625,0.178876366120218,CAISO,47.062378042568895,,139.7003789232019,
58062,Imperial Valley Solar Company (IVSC) 1,2012-05-01,2012,West (non-ISO),CA,33.246831,-115.49733,5.8325257991,PV,c-Si,28.566,23.0,1.242,Fixed Tilt,Fixed Tilt,30,180,,,,,,,10.42,6.42,195.61,131.98,Public Utilities,128.537782628746,,,,,,0.270637284097677,0.260303752233472,0.261197141155449,0.262032747287558,0.256630931109787,0.217962080603533,0.235775263053404,0.212164409598479,0.166676593210244,0.141815564820329,0.163187413142743,0.173556664290805,,,,,
58039,McHenry Solar Farm (K Road Modesto Solar or RET Modesto),2012-12-01,2012,CAISO,CA,37.736471,-120.9905,5.1402089041,PV,c-Si,31.2,25.8,1.2093023255813953,Tracking,Single Axis,Tracking,180,,,,,,,25.45,11.15,189.96,126.31,Public Utilities,181.37800364175843,,,,,,0.295215213620756,0.287671232876712,0.284538600403525,0.283606733878369,0.275906162613712,0.2828616686135,0.270592191426852,0.269914643961536,0.27547254964426,0.274503557396198,0.237770344412587,0.208964325553155,CAISO,47.062378042568895,,134.31562559918953,
57657,NRG Solar - Avra Valley,2012-12-14,2012,West (non-ISO),AZ,32.371667,-111.282777,5.7922134703,PV,Thin-Film,34.0,26.46,1.2849584278155706,Tracking,Single Axis,Tracking,180,,,,,,,11.06,21.67,155.17,104.07,Investor-owned Utility,150.3057457606505,,,,,,0.32707248297594,0.319919444185588,0.306431751036284,0.322022656461896,0.318068627755516,0.311342700449027,0.29502617891398,0.280869532593446,0.289982811998467,0.275357479369221,0.279382681535323,0.269046345516551,,,,,
58003,Alpaugh 50 (1st Phase),2012-12-28,2012,CAISO,CA,35.899721,-119.439521,5.3114335616,PV,c-Si,66.25,50.0,1.325,Tracking,Single Axis,Tracking,180,,,,,,,7.45,12.66,177.62,119.73,Investor-owned Utility,186.76275696577088,,,,,,0.288915,0.303875753424657,0.302673105022831,0.303497267759562,0.292326484018264,0.278063926940639,0.247913242009132,0.296202185792349,0.25631506849315,0.262,0.163614155251141,0.192934881602914,CAISO,47.062378042568895,,139.70037892320198,
57442,Silver State North Solar Project,2012-04-16,2012,West (non-ISO),NV,35.624341,-115.352561,5.5147972603,PV,Thin-Film,63.5,52.0,1.2211538461538463,Fixed Tilt,Fixed Tilt,25,180,,,,,,,9.55,6.44,163.38,109.86,Investor-owned Utility,156.97797907285303,,,,,,0.268370214260625,0.262978573937478,0.263053213909378,0.257342896174863,0.255986564805058,0.2591631541974,0.249552160168598,0.259133739666526,0.252961450649806,0.257273006673691,0.247323937478047,0.245409047919293,,,,,
58017,Copper Mountain Solar 2 - Phase 1,2012-11-21,2012,CAISO,NV,35.804621,-114.967071,5.4780166667,PV,Thin-Film,114.375,92.0,1.2432065217391304,Fixed Tilt,Fixed Tilt,25,180,,,,,,,9.98,8.39,131.02,89.17,Investor-owned Utility,133.11107309402237,,,,,,0.281585020845741,0.279166666666666,,0.270668639951426,0.278813546423135,0.279660578386605,0.272416286149162,0.282003642987249,0.271850837138508,0.277598173515981,0.265391171993911,0.270283090467516,CAISO,47.062378042568895,,86.04869505145348,
57707,Mesquite Solar 1,2012-12-31,2012,CAISO,AZ,33.342699,-112.924136,5.8711141553,PV,c-Si,235.1,170.0,1.3829411764705881,Fixed Tilt,Fixed Tilt,20,180,,,,,,,8.55,8.24,124.49,85.88,Investor-owned Utility,179.36097096553206,,,,,,0.277740397528874,0.273170829975825,0.266988315874294,0.2733914604093,0.277822992210582,0.278675799086757,0.273532769272092,0.279238990678238,0.271939967767929,0.278366908407198,0.271222804190169,0.268790849673202,CAISO,47.062378042568895,,132.29859292296317,
58482,Azalea Solar Power Facility,2013-12-01,2013,Southeast (non-ISO),GA,32.979531,-82.59193,4.6805134703,PV,c-Si,9.7,7.65,1.2679738562091503,Fixed Tilt,Fixed Tilt,20,180,,,,,,,27.39,28.64,203.33,136.94,Public Utilities,166.76386166531847,,,,,,,0.219968961709493,0.201495209956128,0.212492708072907,0.204539349986569,0.185961142447846,0.194004237920434,0.181420169767967,0.168517026293013,0.177664368639388,0.182021667114334,0.180423110349179,,,,,
59454,Valencia Solar,2013-06-28,2013,West (non-ISO),AZ,32.145521,-110.87951,5.7976952055,PV,c-Si,12.6936,9.0,1.4104,Tracking,Single Axis,Tracking,180,,,,,,,14.41,22.23,92.26,64.13,Investor-owned Utility,157.4035030322509,,,,,,,0.318873668188736,0.294571283612379,0.297915401740538,0.334969558599695,0.316108574327752,0.313001014713343,0.3387598664238,0.340816844241501,0.329261796042617,0.332572298325723,0.311386865007083,,,,,
58552,Indy Solar I,2013-12-16,2013,MISO,IN,39.662161,-85.98421,4.0303196347,PV,c-Si,13.9,10.1,1.3762376237623763,Fixed Tilt,Fixed Tilt,20,180,,,,,,,32.05,2.09,184.61,126.82,Investor-owned Utility,113.42194146138621,,,,,,,0.197838961978389,0.198144129481441,0.2007700770077,0.182637099326371,0.174329761743297,0.167412631674126,0.164306389655359,0.169944391699443,0.170724264207242,0.168316831683168,0.170528323324135,MISO,55.100109118383095,58.15267132192334,58.321832343003116,55.26927013946287
58262,PSEG Badger I,2013-12-19,2013,West (non-ISO),AZ,33.498421,-112.81325,5.8128221461,PV,c-Si,19.3,14.8,1.304054054054054,Tracking,Single Axis,Tracking,180,,,,,,,10.97,25.75,128.99,87.43,Monopoly Investor-owned Utility,85.94900122050626,,,,,,,0.305007610350076,0.302176560121765,0.31376745598057,0.304939117199391,0.307823439878234,0.29662100456621,0.29732088646023,0.288455098934551,0.291894977168949,0.256201406886338,0.255478326687343,,,,,
58501,Gillespie 1,2013-12-01,2013,West (non-ISO),AZ,33.020681,-112.661681,5.8092182648,PV,c-Si,20.2,15.0,1.3466666666666667,Tracking,Single Axis,Tracking,190,,,,,,,10.69,24.87,122.93,83.36,Monopoly Investor-owned Utility,95.79899773888434,,,,,,,0.339809741248097,0.32562404870624,0.334972677595628,0.323295281582952,0.316544901065449,0.329147640791476,0.306132361870066,0.303805175038051,0.279368340943683,0.293066971080669,0.279348816029143,,,,,
58373,White River Solar Phase 1,2013-06-17,2013,CAISO,CA,35.875821,-119.45849,5.3114335616,PV,c-Si,26.795,20.0,1.33975,Tracking,Single Axis,Tracking,180,,,,,,,7.77,9.68,137.38,93.02,Investor-owned Utility,190.61457244036504,,,,,,,0.306381278538812,0.30232305936073,0.301730418943533,0.296221461187214,0.296090182648401,0.269463470319634,0.280965391621129,0.275017123287671,0.276655251141552,0.258755707762557,0.252413479052823,CAISO,47.062378042568895,,143.55219439779614,
57455,Borrego Solar Project (NRG),2013-02-12,2013,CAISO,CA,33.291361,-116.35381,5.8405652968,PV,c-Si,33.0,26.0,1.2692307692307692,Tracking,Single Axis,Tracking,180,,,,,,,5.87,8.12,145.79,97.54,Investor-owned Utility,152.55658142084891,,,,,,,0.321118721461187,0.313681067790656,0.31123896595208,0.303055848261327,0.300807867931155,0.291368106779065,0.285339603474849,0.309176325957147,0.284097295398665,0.283675799086758,0.272216967913689,CAISO,47.062378042568895,,105.49420337828002,
58490,Spectrum Nevada Solar Project,2013-10-01,2013,West (non-ISO),NV,36.236921,-114.87512,5.668646347,PV,c-Si,37.6,30.0,1.2533333333333334,Tracking,Single Axis,Tracking,180,,,,,,,9.9,10.28,130.38,87.33,Investor-owned Utility,128.625227642269,,,,,,,0.316700913242009,0.315821917808219,0.310598816029143,0.316655251141552,0.316868340943683,0.31150304414003,0.321789617486338,0.311183409436834,0.3195700152207,0.315905631659056,0.318935944140862,,,,,
57295,Alpine Solar Project,2013-01-24,2013,CAISO,CA,34.794361,-118.51049,5.6237353881,PV,Thin-Film,86.4,66.0,1.309090909090909,Fixed Tilt,Fixed Tilt,25,180,,,,,,,-2.16,10.78,172.04,114.87,Investor-owned Utility,160.4185125206284,,,,,,,0.288940777639407,0.288494534384945,0.284810192084782,0.281818181818181,0.279581776670817,0.267986370554863,0.26907911077993,0.283061782205617,0.283689636086896,0.278395253908952,0.204921482585417,CAISO,47.062378042568895,,113.35613447805952,
57708,Catalina Solar Project 1 (Phase 1+2),2013-08-22,2013,CAISO,CA,34.929571,-118.332541,5.8249045662,PV,Thin-Film,143.0,110.0,1.3,Fixed Tilt,Fixed Tilt,20,180,Wind+PV,,,,,,8.78,8.13,122.02,83.2,Investor-owned Utility,134.77224610562345,,,,,,,0.298861560813615,0.290465960979659,0.278779599271402,0.279389788293897,0.275300954753009,0.256461187214611,0.259442788541149,0.259575550020755,0.277600664176006,0.272592361975923,0.271388060937241,CAISO,47.062378042568895,,87.70986806305456,
57680,Arlington Valley Solar Project II,2013-11-13,2013,West (non-ISO),AZ,33.304951,-112.83365,5.8517682648,PV,c-Si,174.9,129.0,1.3558139534883722,Tracking,Single Axis,Tracking,180,,,,,,,11.71,24.63,150.65,100.6,Investor-owned Utility,125.07630408162247,,,,,,,0.323107146649676,0.315885278397224,0.321581875432428,0.316792325935365,0.296559413826059,0.308298821280662,0.319222052780954,0.312634950975186,0.313574740717142,0.308436869491345,0.301071539515115,,,,,
57490,(Tenaska) Imperial Solar Energy Center South (CSolar IV South),2013-11-18,2013,CAISO,CA,32.662211,-115.659511,5.6630150685,PV,Thin-Film,172.3,130.0,1.3253846153846154,Fixed Tilt,Fixed Tilt,25,180,,,,,,,9.77,9.55,175.37,117.47,Investor-owned Utility,148.43843839177669,,,,,,,0.284323849666315,0.280770108886547,0.257628380271822,0.246442746750965,0.241019494204425,0.247190902704601,0.212806501331091,0.255668247277836,0.25540569020021,0.243403582718651,0.231424267899677,CAISO,47.062378042568895,,101.37606034920779,
57439,"California Valley Solar Ranch  (CVSR, High Plains Ranch II)",2013-11-01,2013,CAISO,CA,35.322971,-119.908561,5.5339874429,PV,c-Si,314.9,250.0,1.2595999999999998,Tracking,Single Axis,Tracking,180,,,,,,,8.73,8.99,152.91,101.91,Investor-owned Utility,151.21681650164547,,,,,,,0.312512785388127,0.314270776255707,0.309561020036429,0.295680821917808,0.308964840182648,0.267029680365296,0.293059653916211,0.315363470319634,0.307900913242009,0.284823287671232,0.272165755919854,CAISO,47.062378042568895,,104.15443845907657,
58417,Lone Valley Solar Park I (Agincourt),2014-11-30,2014,CAISO,CA,34.397761,-116.86548,5.7028573059,PV,c-Si,12.4,10.0,1.24,Tracking,Single Axis,Tracking,180,,,,,,,10.51,8.21,92.41,64.11,Investor-owned Utility,101.29155712360749,,,,,,,,0.286198630136986,0.261316029143897,0.271986301369863,0.275296803652968,0.271849315068493,0.261452641165755,0.258470319634703,0.269086757990867,0.271381278538812,0.269011839708561,CAISO,47.062378042568895,,54.229179081038595,
59407,PSEG El Paso Solar Energy Center (Newman),2014-10-30,2014,West (non-ISO),TX,31.978333,-106.4275,5.7401369863,PV,c-Si,13.04793,10.416,1.252681451612903,Tracking,Single Axis,Tracking,177,,,,,,,,,93.34,65.21,Investor-owned Utility,53.52294676928067,,,,,,,,0.298276623950508,0.308303884454069,0.301389151919421,0.288522575033843,0.295832631918579,0.313823363383781,0.285103178110248,0.281683781186653,,0.143965497944873,,,,,
58640,KRS II Koloa Solar (Grove Farm/ Kauai Solar Farm),2014-09-30,2014,HI,HI,21.901841,-159.45128,4.787616895,PV,c-Si,14.257,12.0,1.1880833333333334,Fixed Tilt,Fixed Tilt,20,180,,,,,,,171.64,,183.99,123.44,Public Utilities,169.97782124207822,,,,,,,,0.205342465753424,0.213712431693989,0.207505707762557,0.175960806697108,0.168626331811263,0.19946303885853,0.195595509893455,0.203700532724505,0.197241248097412,0.187955373406193,,,,,
58990,RE Columbia 2,2014-12-31,2014,CAISO,CA,35.020351,-118.17667,5.8443696347,PV,c-Si,19.95,15.0,1.3299999999999998,Tracking,Single Axis,Tracking,180,,,,,,,10.0,7.2,110.04,74.87,Investor-owned Utility,74.02834191440999,,,,,,,,0.328318112633181,0.335761991499696,0.320152207001522,0.312633181126331,0.319436834094368,0.323421372191864,0.315920852359208,0.296872146118721,0.260479452054794,0.30658014571949,CAISO,47.062378042568895,,26.965963871841097,
59183,CID Solar,2014-12-15,2014,CAISO,CA,36.137481,-119.56249,5.29148379,PV,Thin-Film,27.23,19.76,1.3780364372469636,Tracking,Single Axis,Tracking,180,,,,,,,-8.5,9.43,141.49,95.47,Investor-owned Utility,117.2442686999335,,,,,,,,0.311315697040282,0.309174575783721,0.303135340986818,0.302592294751631,0.270616114839258,0.274001819650007,0.284336697909156,0.292927227182814,0.225092664485238,0.259056999107689,CAISO,47.062378042568895,,70.1818906573646,
58626,Western Antelope Blue Sky Ranch A (WABSRA),2014-11-14,2014,CAISO,CA,34.677671,-118.318661,5.6208550228,PV,c-Si,23.922,19.945,1.1993983454499875,Tracking,Single Axis,Tracking,180,,,,,,,10.29,8.64,91.85,63.47,Investor-owned Utility,91.1696986385809,,,,,,,,0.298429127589455,0.297961927175872,0.301771652867302,0.30454182792634,0.294382611542472,0.25939959661382,0.285167773019639,0.283942943551387,0.254775976400855,0.255722133864484,CAISO,47.062378042568895,,44.107320596012,
58544,Mountain View Solar,2014-01-31,2014,West (non-ISO),NV,36.390556,-114.964444,5.6922251142,PV,c-Si,25.00785,20.0,1.2503925,Tracking,Single Axis,Tracking,190,,,,,,,10.71,10.81,103.15,70.16,Investor-owned Utility,131.99789775718207,,,,,,,,0.304372146118721,0.302356557377049,0.305342465753424,0.310359589041095,0.303390410958904,0.313763661202185,0.304817351598173,0.311797945205479,0.296130136986301,0.30622723132969,,,,,
58498,Recurrent Rosamond Solar 1,2014-02-28,2014,CAISO,CA,34.903761,-118.25094,5.8357687215,PV,c-Si,26.2,20.0,1.31,Tracking,Single Axis,Tracking,180,,,,,,,9.36,7.42,101.75,69.43,Investor-owned Utility,113.1655028569649,,,,,,,,0.333007990867579,0.337078779599271,0.32917808219178,0.341272831050228,0.326501141552511,0.325068306010929,0.339063926940639,0.32347602739726,0.280108447488584,0.297706056466302,CAISO,47.062378042568895,,66.10312481439601,
58499,Recurrent Rosamond Solar 2,2014-02-28,2014,CAISO,CA,34.903461,-118.24295,5.8357687215,PV,c-Si,20.95,20.0,1.0474999999999999,Tracking,Single Axis,Tracking,180,,,,,,,9.2,8.03,101.65,69.2,Investor-owned Utility,169.06121252464246,,,,,,,,0.281757990867579,0.285359744990892,0.282819634703196,0.28009703196347,0.255239726027397,0.250905054644808,0.25394406392694,0.228510273972602,0.217111872146118,0.274840619307832,CAISO,47.062378042568895,,121.99883448207356,
58973,White River Solar Phase 2,2014-10-31,2014,CAISO,CA,35.845231,-119.06272,5.335983105,PV,c-Si,26.0,20.0,1.3,Tracking,Single Axis,Tracking,180,,,,,,,8.07,8.86,95.66,66.09,Investor-owned Utility,97.99556768691097,,,,,,,,0.302819634703196,0.300973360655737,0.292106164383561,0.28361301369863,0.284834474885844,0.2808970856102,0.28556506849315,0.298162100456621,0.281204337899543,0.275717213114754,CAISO,47.062378042568895,,50.93318964434208,
59237,Lone Valley Solar Park II (Marathon),2014-11-30,2014,CAISO,CA,34.407291,-116.86243,5.887906621,PV,c-Si,24.8,20.0,1.24,Tracking,Single Axis,Tracking,180,,,,,,,10.51,7.83,88.54,61.42,Investor-owned Utility,100.76496064890334,,,,,,,,0.303544520547945,0.255948315118397,0.288761415525114,0.292990867579908,0.263230593607305,0.261987704918032,0.277243150684931,0.284560502283105,0.284406392694063,0.281898907103825,CAISO,47.062378042568895,,53.702582606334445,
58985,RE Kansas Solar,2014-12-31,2014,CAISO,CA,36.244291,-119.82815,5.3183070776,PV,Thin-Film,27.8,20.0,1.3900000000000001,Tracking,Single Axis,Tracking,180,,,,,,,3.06,12.03,127.56,87.55,Investor-owned Utility,105.29585647945277,,,,,,,,0.285296803652968,0.305891393442623,0.304714611872146,0.299954337899543,0.283350456621004,0.256329690346083,0.269166666666666,0.246832191780821,0.221101598173516,0.203130692167577,CAISO,47.062378042568895,,58.23347843688387,
59168,Avalon Solar (Pima Mine Road Solar Generating Facility),2014-12-08,2014,West (non-ISO),AZ,32.030931,-110.958651,5.7775589041,PV,c-Si,35.1,29.0,1.210344827586207,Tracking,Single Axis,Tracking,180,,,,,,,11.02,19.43,165.17,109.21,Investor-owned Utility,119.742411304211,,,,,,,,0.296272240592032,0.313124175617109,0.307935758148323,0.303373484490631,0.29111557235081,0.293464606494566,0.283148323098724,0.292312234293812,0.278928515194457,0.253764681866716,,,,,
58628,SR Simon Solar Farm,2014-01-01,2014,Southeast (non-ISO),GA,33.675481,-83.67376,4.5645682648,PV,c-Si,38.6,30.0,1.2866666666666666,Fixed Tilt,Fixed Tilt,20,180,,,,,,,27.82,31.72,165.11,112.42,Monopoly Investor-owned Utility,128.70570630715847,,,,,,,,0.211990106544901,0.231477686703096,0.214299847792998,0.173169710806697,0.208337138508371,0.189814814814814,0.193044140030441,0.199227549467275,0.184802130898021,0.180088797814207,,,,,
58983,RE Columbia 1 (Camelot Solar),2014-12-31,2014,CAISO,CA,35.017091,-118.17636,5.8443696347,PV,c-Si,59.1,45.0,1.3133333333333335,Tracking,Single Axis,Tracking,180,,,,,,,9.68,6.98,99.13,67.77,Public Utilities,89.8643561821825,,,,,,,,0.327288178589548,0.333356102003642,0.321689497716894,0.330304414003044,0.313769660071029,0.31358024691358,0.294289700659563,0.305722983257229,0.298419583967529,0.316383323213924,CAISO,47.062378042568895,,42.80197813961361,
59010,Macho Springs Solar Facility,2014-05-31,2014,West (non-ISO),NM,32.571341,-107.488221,5.8230972603,PV,Thin-Film,65.1348,52.2,1.2477931034482759,Tracking,Single Axis,Tracking,180,PV+Wind,,,,,,,,95.81,66.0,Investor-owned Utility,62.79390328742098,,,,,,,,0.297031088717437,0.313468322760295,0.310928725135149,0.305804860127014,0.303705453209468,0.311983125013085,0.303891338196959,0.291539827498731,0.25254771776973,0.267553685209611,,,,,
57650,Regulus Solar Project,2014-11-30,2014,CAISO,CA,35.299561,-118.8509,5.3805716895,PV,c-Si,81.6,60.0,1.3599999999999999,Tracking,Single Axis,Tracking,180,,,,,,,9.16,8.39,140.36,94.17,Investor-owned Utility,151.0085122496735,,,,,,,,0.315861872146118,0.28647161505768,0.293746194824961,0.309275114155251,0.299609969558599,0.282494687310261,0.299651826484018,0.301139649923896,0.274958143074581,0.291376366120218,CAISO,47.062378042568895,,103.94613420710459,
58592,"Solar Gen 2 - First Solar (Sonora, Arkansas, and Alhambra)",2014-12-31,2014,CAISO,CA,33.082871,-115.46742,5.9011614155,PV,Thin-Film,194.7,155.1,1.2553191489361701,Tracking,Single Axis,Tracking,180,,,,,,,8.31,8.27,161.08,106.81,Investor-owned Utility,120.9076441882458,,,,,,,,0.308241994412207,0.30712748928654,0.298347067291981,0.28341341129158,0.279677421254221,0.290000340575855,0.283200704214985,0.297705266008967,0.277144072611866,0.267327824225278,CAISO,47.062378042568895,,73.8452661456769,
58430,Centinela Solar Energy (phase I+II),2014-08-31,2014,CAISO,CA,32.687081,-115.646871,5.6630150685,PV,c-Si,215.9,170.0,1.27,Tracking,Single Axis,Tracking,180,,,,,,,11.18,9.36,134.35,89.75,Investor-owned Utility,149.20730283132048,,,,,,,,0.342365699704539,0.324630343940855,0.313992747784045,0.308084877786731,0.324816680096696,0.334160371798992,0.336855358581788,0.337989524576954,0.330108111737845,0.236218927461695,CAISO,47.062378042568895,,102.14492478875158,
56917,Mount Signal Solar Farm I (formerly known as Imperial Valley Solar I LLC),2014-03-31,2014,CAISO,CA,32.673341,-115.586991,5.8522068493,PV,Thin-Film,265.78,206.72,1.2857004643962846,Tracking,Single Axis,Tracking,180,,,,,,,11.15,9.05,170.73,114.07,Investor-owned Utility,99.16297562481033,,,,,,,,0.307622418515193,0.305551796845599,0.306136515746457,0.281696213403505,0.279346865213428,0.235438188128672,0.212095202852567,0.193978267672649,0.19128404335779,0.244264810738071,CAISO,47.062378042568895,,52.100597582241434,
57378,Antelope Valley Solar Ranch 1 (First Solar)/ AV Solar Ranch One,2014-08-31,2014,CAISO,CA,34.784131,-118.432451,5.7207748858,PV,Thin-Film,283.7,241.5,1.1747412008281573,Fixed Tilt,Fixed Tilt,25,180,,,,,,,8.66,8.27,182.2,119.79,Investor-owned Utility,165.8673143885642,,,,,,,,0.292789547822305,0.289578831453386,0.287372963876835,0.286562768843888,0.272097904081227,0.268760818653904,0.28063142271004,0.286793442808928,0.268359851385461,0.266785648289568,CAISO,47.062378042568895,,118.80493634599532,
58542,Desert Sunlight 250 (Sunlight Storage I) ,2014-10-31,2014,CAISO,CA,33.812461,-115.374211,5.7074497717,PV,Thin-Film,333.62,249.7,1.3360832999599521,Fixed Tilt,Fixed Tilt,22.5,191,PV+Storage,Lithium-Ion,AC,2022.0,230.0,920.0,4.8,8.71,150.74,101.47,Investor-owned Utility,164.4117033715599,,,,,,,,0.28067516636402,0.284376771251184,0.282622708894509,0.283409040620434,0.27600792183496903,0.278413330969841,0.268811615033931,0.194791283787119,0.248483111240337,0.253375088357395,CAISO,47.062378042568895,,117.349325328991,
57373,Agua Caliente Solar Project,2014-02-28,2014,CAISO,AZ,32.977981,-113.49459,5.8554977169,PV,Thin-Film,398.59999999999997,290.0,1.3744827586206896,Fixed Tilt,Fixed Tilt,15,195,,,,,,,7.85,8.58,162.34,108.39,Investor-owned Utility,233.84548358131346,,,,,,,,0.291188001889466,0.29188375416117,0.28686033695481,0.284728389230042,0.281911116359628,0.28448315118397,0.278287277594079,0.286049441032908,0.272135884112738,0.257541533195151,CAISO,47.062378042568895,,186.78310553874456,
57993,Desert Sunlight 300 (Sunlight Storage II),2014-10-31,2014,CAISO,CA,33.823151,-115.39679,5.7074497717,PV,Thin-Film,407.06,313.7,1.2976091807459356,Fixed Tilt,Fixed Tilt,22.5,191,PV+Storage,Lithium-Ion,AC,2024.0,230.0,920.0,4.74,9.12,150.56,101.41,Investor-owned Utility,160.95082735842956,,,,,,,,0.244839542185405,0.262213500885198,0.255795098420239,0.263797974681333,0.253007264888217,0.238959263459281,0.253400276272447,0.249774746252927,0.239966564920386,0.242018916940006,CAISO,47.062378042568895,,113.88844931586067,
57695,Topaz Solar Farm Phase 1-3,2014-10-31,2014,CAISO,CA,35.372341,-120.05654,5.4923541096,PV,Thin-Film,757.9000000000001,585.9000000000001,1.2935654548557773,Fixed Tilt,Fixed Tilt,25,180,,,,,,,6.96,11.74,139.86,95.29,Investor-owned Utility,170.7731595245368,,,,,,,,0.253549158653003,0.24594360924345,0.241117556333346,0.260249617923796,0.244661649213129,0.249238246329732,0.253442192903085,0.237976387261996,0.202002383251462,0.208115517328749,CAISO,47.062378042568895,,123.7107814819679,
59611,Lakeland Bluebird Facility (Sutton or Bella Vista),2015-08-01,2015,Southeast (non-ISO),FL,28.066831,-82.017431,4.9721349315,PV,c-Si,7.689,6.0,1.2815,Tracking,Single Axis,Tracking,180,,,,,,,,,131.4,91.57,Public Utilities,110.4342556603612,,,,,,,,,0.201825288403157,0.215981735159817,0.202739726027397,0.210445205479452,0.183572404371584,0.171765601217656,0.188717656012176,0.153671993911719,0.168146630236794,,,,,
59440,NextEra Adelanto Solar Phase 2,2015-07-03,2015,CAISO,CA,34.553971,-117.369651,5.9188707763,PV,c-Si,8.549057028631777,7.0,1.221293861233111,Tracking,Single Axis,Tracking,180,,,,,,,10.7,9.41,101.88,69.67,Investor-owned Utility,85.04028493078107,,,,,,,,,0.279761904761904,0.302723418134377,0.307452707110241,0.298157208088714,0.266800026021337,0.28237116764514,0.270058708414872,0.277527723418134,0.234728727556596,CAISO,47.062378042568895,,37.977906888212175,
60035,"Tequesquite Landfill Solar PV Project (RPU Project, SSC 31)",2015-10-30,2015,CAISO,CA,33.974861,-117.407201,5.4522308219,PV,c-Si,9.396,7.5,1.2528000000000001,Fixed Tilt,Fixed Tilt,7.5,180,,,,,,,11.9,11.45,128.2,88.26,Public Utilities,90.49068108255287,,,,,,,,,0.233257437765634,0.223500761035007,0.226027397260274,0.220502283105022,0.21117182756527,0.125616438356164,0.199710806697108,0.200700152207001,0.193017607771706,CAISO,47.062378042568895,,43.42830303998397,
59811,PSEG Waldorf Solar Center (Rockfish Solar),2015-08-01,2015,PJM,MD,38.589721,-76.876511,4.1924143836,PV,c-Si,13.09,10.3,1.2708737864077668,Tracking,Single Axis,Tracking,180,,,,,,,40.25,6.16,121.53,85.0,Public Utilities,72.30687573826798,,,,,,,,,0.224017189240808,0.223079310191958,0.208527286429933,0.224697433169304,0.203083275859019,0.216451655805293,0.200835660770492,0.161468723677794,0.156617504023201,PJM,67.26257488116934,69.4054084837035,5.044300857098634,2.90146725456448
59086,Goose Lake Solar (formerly Cottonwood 1),2015-07-27,2015,CAISO,CA,35.590361,-119.575731,5.3367968037,PV,Thin-Film,16.8675,12.0,1.405625,Tracking,Single Axis,Tracking,179,,,,,,,8.25,8.17,148.75,99.21,Public Utilities,140.55181998200905,,,,,,,,,0.33400690649666,0.331554414003044,0.325913242009132,0.307039573820395,0.298060868245294,0.316133942161339,0.311872146118721,0.240915144596651,0.299019049787492,CAISO,47.062378042568895,,93.48944193944016,
59322,Pumpjack Solar (1),2015-02-28,2015,CAISO,CA,35.416111,-119.637741,5.3259349315,PV,c-Si,26.32089,20.0,1.3160444999999998,Tracking,Single Axis,Tracking,179,,,,,,,7.02,9.28,106.06,72.7,Investor-owned Utility,100.97758432465874,,,,,,,,,0.283549635701275,0.283590182648401,0.287922374429223,0.29130707762557,0.256568761384335,0.281021689497716,0.283219178082191,0.249737442922374,0.263239981785063,CAISO,47.062378042568895,,53.91520628208984,
59380,Wildwood Solar Project (1),2015-03-01,2015,CAISO,CA,35.621351,-119.567775,5.3805184931,PV,c-Si,26.0775,20.0,1.3038750000000001,Tracking,Single Axis,Tracking,179,,,,,,,8.1,10.25,113.38,77.54,Investor-owned Utility,102.5528346401234,,,,,,,,,0.264970400728597,0.260684931506849,0.284646118721461,0.282665525114155,0.250221994535519,0.2674200913242,0.268276255707762,0.255205479452054,0.238308287795992,CAISO,47.062378042568895,,55.4904565975545,
59408,Shafter Solar,2015-06-22,2015,CAISO,CA,35.451141,-119.126301,5.3633888128,PV,c-Si,26.8026,20.0,1.34013,Tracking,Single Axis,Tracking,180,,,,,,,9.16,9.28,100.96,69.41,Investor-owned Utility,97.62021083470367,,,,,,,,,0.294068761384335,0.298852739726027,0.297031963470319,0.295873287671232,0.283430100182149,0.291078767123287,0.280896118721461,0.275182648401826,0.263302595628415,CAISO,47.062378042568895,,50.557832792134775,
59633,Kettleman Solar (Kings Co) / Centaurus,2015-08-14,2015,CAISO,CA,36.058471,-119.946541,5.3556942922,PV,c-Si,26.97,20.0,1.3485,Tracking,Single Axis,Tracking,180,,,,,,,26.41,9.54,89.54,62.45,Public Utilities,79.52575030836944,,,,,,,,,0.318749999999999,0.291512557077625,0.307699771689497,0.303755707762557,0.274516165755919,0.305119863013698,0.303327625570776,0.214948630136986,,CAISO,47.062378042568895,,32.463372265800544,
59441,NextEra Adelanto Solar Phase 1,2015-09-03,2015,CAISO,CA,34.553511,-117.377161,5.9188707763,PV,c-Si,24.425398439514016,20.0,1.2212699219757008,Tracking,Single Axis,Tracking,180,,,,,,,10.74,7.29,94.49,64.18,Investor-owned Utility,76.33687061445009,,,,,,,,,0.32548383424408,0.345993150684931,0.342676940639269,0.34259703196347,0.309984061930783,0.321050228310502,0.287391552511415,0.313167808219178,0.3029485428051,CAISO,47.062378042568895,,29.274492571881197,
59610,Diamond Valley Lake Solar (AP North Lake I),2015-10-27,2015,CAISO,CA,33.741151,-117.010761,5.5127598174,PV,c-Si,24.0597,20.0,1.202985,Tracking,Single Axis,Tracking,180,,,,,,,10.44,9.8,108.88,75.51,Public Utilities,91.35890439821667,,,,,,,,,0.274214480874316,0.239703196347031,0.262813926940639,0.243082191780821,0.246920537340619,0.184160958904109,0.177305936073059,0.157659817351598,0.22566029143898,CAISO,47.062378042568895,,44.29652635564777,
59607,Maricopa West Solar,2015-11-09,2015,CAISO,CA,35.112611,-119.326881,5.4082363014,PV,c-Si,28.0,20.0,1.4,Tracking,Single Axis,Tracking,180,,,,,,,0.33,9.02,122.58,83.74,Investor-owned Utility,71.77522153553473,,,,,,,,,0.299214480874317,0.272482876712328,0.282243150684931,0.257465753424657,0.237221083788706,0.210610730593607,0.245068493150684,0.231626712328767,0.271004098360655,CAISO,47.062378042568895,,24.71284349296583,
59431,Sierra Solar Greenworks,2015-11-30,2015,CAISO,CA,34.699631,-118.337481,5.6208550228,PV,Thin-Film,22.47,20.0,1.1235,Fixed Tilt,Fixed Tilt,25,197,,,,,,,9.38,9.8,105.37,72.48,Investor-owned Utility,103.04140781826288,,,,,,,,,0.254570810564663,0.251329908675799,0.257066210045662,0.243350456621004,0.231739526411657,0.219320776255707,0.208224885844748,0.19361301369863,0.22480077413479,CAISO,47.062378042568895,,55.97902977569399,
59874,Richland Solar Center,2015-12-01,2015,Southeast (non-ISO),GA,32.624071,-83.380041,4.6744703196,PV,c-Si,33.44377,20.0,1.6721885,Fixed Tilt,Fixed Tilt,20,180,,,,,,,,,121.93,85.8,Monopoly Investor-owned Utility,74.57891160000231,,,,,,,,,0.267497723132969,0.235211187214611,0.229389269406392,0.244474885844748,0.23056693989071,0.220610730593607,0.238949771689497,0.191940639269406,0.235245901639344,,,,,
59722,Seville Solar 1,2015-12-31,2015,West (non-ISO),CA,33.113841,-116.002631,5.9014166667,PV,Thin-Film,27.3,20.0,1.365,Tracking,Single Axis,Tracking,180,,,,,,,11.26,11.72,121.65,81.77,Investor-owned Utility,95.57159581020403,,,,,,,,,0.373428961748633,0.352345890410958,0.299183789954337,0.299486301369863,0.293129553734061,0.308144977168949,0.336415525114155,0.273179223744292,0.308196721311475,,,,,
59657,Imperial Valley Solar Company (IVSC) 2 (Imperial County Niland),2015-08-25,2015,West (non-ISO),CA,33.251261,-115.497431,5.8325257991,PV,c-Si,26.352,20.007,1.3171390013495277,Fixed Tilt,Fixed Tilt,25,180,,,,,,,10.4,6.44,133.99,90.51,Public Utilities,94.21191416042421,,,,,,,,,0.282638888888888,0.275633561643835,0.277151826484018,0.270279680365296,0.250404143897996,0.262031963470319,0.257979452054794,0.218559348976716,0.262783708762042,,,,,
59535,SR Hazlehurst Solar I,2015-11-01,2015,Southeast (non-ISO),GA,31.809451,-82.576631,4.7292486301,PV,c-Si,27.25,21.0,1.2976190476190477,Fixed Tilt,Fixed Tilt,20,180,,,,,,,27.14,26.24,109.16,77.19,Public Utilities,72.03813912465289,,,,,,,,,0.209618136872235,0.210524026962383,0.203625788214829,0.207594042183083,0.206240784109636,0.189943465970863,0.190959991302457,0.189057403783431,0.172201621996703,,,,,
59009,Hayworth Solar (Redwood: Hayworth),2015-12-30,2015,CAISO,CA,35.326161,-118.816821,5.3686031963,PV,Thin-Film,33.2592,26.656,1.2477190876350541,Tracking,Single Axis,Tracking,180,,,,,,,9.02,12.46,108.23,74.61,Public Utilities,64.59089833603628,,,,,,,,,0.252935873803073,0.262378067665422,0.260652206087914,0.274176451402478,0.207327637339088,0.17705712421955,0.277970777352036,0.249920173548871,0.196266177235921,CAISO,47.062378042568895,,17.52852029346738,
59723,Seville Solar 2,2015-12-31,2015,West (non-ISO),CA,33.111781,-116.002551,5.9014166667,PV,Thin-Film,40.763999999999996,30.0,1.3587999999999998,Tracking,Single Axis,Tracking,180,,,,,,,11.25,11.04,100.06,68.15,Public Utilities,68.88030288905162,,,,,,,,,0.354049028536733,0.350319634703196,0.339699391171993,0.320776255707762,0.303267304189435,0.313801369863013,0.329459665144596,0.315977929984779,0.294095324833029,,,,,
58711,Lost Hills Solar / Blackwell,2015-04-30,2015,CAISO,CA,35.622091,-119.854151,5.3721926941,PV,Thin-Film,43.0,32.0,1.34375,Tracking,Single Axis,Tracking,180,,,,,,,6.74,8.53,109.88,74.59,Investor-owned Utility,94.40166455925697,,,,,,,,,0.3272427140255,0.31748002283105,0.321957049086758,0.304669663242009,0.30009818989071,0.322745433789954,0.311765125570776,0.275089183789954,0.286735826502732,CAISO,47.062378042568895,,47.33928651668808,
59634,Sandstone Solar Power Plant,2015-12-31,2015,West (non-ISO),AZ,33.039881,-111.452011,5.8013993151,PV,c-Si,57.46,45.0,1.276888888888889,Tracking,Single Axis,Tracking,180,,,,,,,14.62,24.76,72.86,51.17,Public Utilities,53.98993385010013,,,,,,,,,0.307379579032584,0.315114155251141,0.312473363774733,0.306372399797057,0.317018316130338,0.302620497209538,0.295657026889903,0.281849315068493,0.296554341226472,,,,,
60008,Hooper Solar (SunPower San Luis Valley Solar or Solar Star III),2015-12-31,2015,West (non-ISO),CO,37.694681,-105.982281,5.3455022831,PV,c-Si,64.0,52.0,1.2307692307692308,Tracking,Single Axis,Tracking,180,,,,,,,15.7,27.39,106.83,73.02,Investor-owned Utility,51.38561240369051,,,,,,,,,0.272387732941011,0.275197576396206,0.280003073410607,0.270859676852827,0.274476320582878,0.233480417983842,0.229146909027046,0.259648314014752,0.259072439400308,,,,,
58713,North Star Solar,2015-08-25,2015,CAISO,CA,36.728671,-120.415311,5.2840073059,PV,Thin-Film,73.0,62.5,1.168,Tracking,Single Axis,Tracking,180,,,,,,,-55.8,10.14,156.19,103.63,Investor-owned Utility,146.4997163235338,,,,,,,,,0.272566484517304,0.286893150684931,0.284239269406392,0.27336803652968,0.260140255009107,0.239910502283105,0.25655707762557,0.248178995433789,0.241112932604735,CAISO,47.062378042568895,,99.4373382809649,
59450,Decatur Parkway Solar Project,2015-12-01,2015,Southeast (non-ISO),GA,30.992741,-84.635381,4.7772376712,PV,Thin-Film,110.0,81.06,1.3570194917345175,Tracking,Single Axis,Tracking,180,,,,,,,27.78,31.96,88.94,62.71,Monopoly Investor-owned Utility,65.92069796891825,,,,,,,,,0.282932035519125,0.264640410958904,0.249942922374429,0.263858447488584,0.247011612021857,0.219188070776255,0.237144691780821,0.241603265859778,0.25095254274308,,,,,
59339,"Quinto Solar PV Project (SSC13, Quinto Farms + Stockton Terminal)",2015-11-30,2015,CAISO,CA,37.121521,-121.049591,5.2071694064,PV,c-Si,135.6,105.1,1.2901998097050429,Tracking,Single Axis,Tracking,180,,,,,,,24.74,8.78,148.66,99.07,Investor-owned Utility,145.2840712142832,,,,,,,,,0.296156100317074,0.296015315829528,0.299974632166413,0.273545577541011,0.280477340956621,0.29090457466599,0.297983257229832,0.231945874553045,0.278370283137405,CAISO,47.062378042568895,,98.22169317171429,
58915,Copper Mountain Solar 3,2015-01-31,2015,West (non-ISO),NV,35.889419,-114.957912,5.4780166667,PV,c-Si,344.98,255.0,1.3528627450980393,Fixed Tilt,Fixed Tilt,16,180,,,,,,,10.7,10.02,91.66,63.76,Investor-owned Utility,102.92612362975257,,,,,,,,,0.275889799635701,0.277516438356164,0.280304109589041,0.270388584474885,0.286436703096539,0.276363470319634,0.281783561643835,0.267497985495568,0.272770456087717,,,,,
58389,Solar Star 2/ formerly Antelope Valley Solar Projects,2015-06-30,2015,CAISO,CA,34.848611,-118.352778,5.7757949772,PV,c-Si,349.5,279.5,1.3243510506798517,Tracking,Single Axis,Tracking,180,,,,,,,10.03,7.58,137.15,91.55,Investor-owned Utility,129.00986504825704,,,,,,,,,0.3133132250883,0.31431114057053,0.323272123205839,0.309476522479173,0.297010367497763,0.323377276967643,0.325954567028362,0.266937453541467,0.291368515205724,CAISO,47.062378042568895,,81.94748700568815,
58388,Solar Star 1/ formerly Antelope Valley Solar Projects,2015-06-30,2015,CAISO,CA,34.813871,-118.389361,5.7757949772,PV,c-Si,397.8,314.4,1.324351050679852,Tracking,Single Axis,Tracking,180,,,,,,,10.07,6.97,129.65,86.66,Investor-owned Utility,128.72129610356393,,,,,,,,,0.243137179090627,0.325066411073777,0.325357183883288,0.309391961747221,0.295820875004296,0.320335788748169,0.332481476695097,0.306600163244913,0.316741968394999,CAISO,47.062378042568895,,81.65891806099503,
58627,"Western Antelope Dry Ranch Solar (WADR, Lancaster Choice Energy)",2016-12-16,2016,CAISO,CA,34.688889,-118.320278,5.6208550228,PV,c-Si,12.748050000000001,10.0,1.2748050000000002,Tracking,Single Axis,Tracking,180,,,,,,,9.89,8.91,84.43,58.38,Public Utilities,54.98725498666012,,,,,,,,,,0.309794520547945,0.301552511415525,0.30398401826484,0.295673952641165,0.296061643835616,0.306038812785388,0.253858447488584,0.24797358834244,CAISO,47.062378042568895,,7.924876944091224,
60226,Rancho SECO Solar I,2016-07-03,2016,West (non-ISO),CA,38.343511,-121.116931,5.0638365297,PV,Thin-Film,12.5,10.88,1.1488970588235294,Tracking,Single Axis,Tracking,180,,,,,,,26.45,34.08,111.18,76.52,Public Utilities,81.10165129685065,,,,,,,,,,0.248455546602202,0.254331184528605,0.238435485495568,0.239646533135111,0.234154663577759,0.185365884367445,0.139147696749932,0.200931422774027,,,,,
59599,Tropico Solar (Coronal Tulare 2),2016-09-30,2016,CAISO,CA,35.831311,-119.051111,5.335983105,PV,c-Si,18.2,14.0,1.3,Tracking,Single Axis,Tracking,180,,,,,,,12.19,9.91,125.57,84.93,Investor-owned Utility,91.02386924838837,,,,,,,,,,0.288878016960208,0.286978147423352,0.27942759295499,0.265572144158209,0.2206457925636,0.216446510110893,0.244308545335942,0.222677595628415,CAISO,47.062378042568895,,43.96149120581947,
60080,CED Ducor 3 (SR Solis Crown),2016-12-31,2016,CAISO,CA,35.845378,-119.056992,5.335983105,PV,c-Si,19.6356,15.0,1.30904,Tracking,Single Axis,Tracking,180,,,,,,,12.32,7.85,84.67,58.46,Investor-owned Utility,62.437331725994255,,,,,,,,,,0.300996955859969,0.29837899543379,0.268028919330289,0.286870066788099,0.273477929984779,0.263028919330289,0.275060882800608,0.2966985428051,CAISO,47.062378042568895,,15.37495368342536,
59250,Rio Bravo Solar Project 2,2016-12-31,2016,CAISO,CA,35.422501,-119.629167,5.3259349315,PV,c-Si,25.72155,19.5,1.3190538461538461,Tracking,Single Axis,Tracking,179,,,,,,,7.08,8.25,106.43,72.02,Investor-owned Utility,74.9077561732557,,,,,,,,,,0.305947488584474,0.296729452054794,0.283059360730593,0.261025728597449,0.284269406392694,0.267888127853881,0.281260976466455,0.296313810658072,CAISO,47.062378042568895,,27.84537813068681,
59249,Rio Bravo Solar Project 1,2016-12-31,2016,CAISO,CA,35.415981,-119.629481,5.3259349315,PV,c-Si,25.72155,19.5,1.3190538461538461,Tracking,Single Axis,Tracking,179,,,,,,,7.08,8.0,106.17,71.86,Investor-owned Utility,74.88910848687946,,,,,,,,,,0.307031963470319,0.298607305936073,0.280045662100456,0.258640710382513,0.275679223744292,0.264440639269406,0.272327596300199,0.305450469384895,CAISO,47.062378042568895,,27.82673044431057,
59868,Kingbird A Solar,2016-04-30,2016,CAISO,CA,34.822511,-118.438021,5.7788794521,PV,Thin-Film,25.5,20.0,1.275,Tracking,Single Axis,Tracking,180,,,,,,,9.96,8.47,65.24,45.81,Public Utilities,70.70982134456573,,,,,,,,,,0.339029680365296,0.346432648401826,0.327899543378995,0.321100865209471,0.338099315068493,0.321912100456621,0.32060502283105,0.260701275045537,CAISO,47.062378042568895,,23.64744330199683,
60091,Kingbird B Solar,2016-04-30,2016,CAISO,CA,34.822511,-118.444421,5.7788794521,PV,Thin-Film,25.5,20.0,1.275,Tracking,Single Axis,Tracking,180,,,,,,,9.95,6.95,61.3,43.05,Public Utilities,70.96788638596924,,,,,,,,,,0.338327625570776,0.337614155251141,0.312477168949771,0.325244763205828,0.333715753424657,0.340856164383561,0.317248858447488,0.317793715846994,CAISO,47.062378042568895,,23.905508343400342,
60039,Frontier I Solar,2016-06-30,2016,CAISO,CA,37.367441,-121.149381,5.2102527397,PV,c-Si,28.024,20.0,1.4012,Tracking,Single Axis,Tracking,180,,,,,,,11.44,8.49,78.35,55.43,Public Utilities,64.23087947158527,,,,,,,,,,0.292585616438356,0.303601598173516,0.297328767123287,0.282411202185792,0.293515981735159,0.265924657534246,0.229075342465753,,CAISO,47.062378042568895,,17.168501429016374,
60280,Summer Solar of Lancaster (Summer Solar SCPPA),2016-07-08,2016,CAISO,CA,34.714703,-118.311006,5.781177169,PV,c-Si,25.855,20.0,1.29275,Tracking,Single Axis,Tracking,180,,,,,,,9.99,7.91,75.21,52.33,Public Utilities,73.40002244024225,,,,,,,,,,0.319994292237442,0.325804794520547,0.311723744292237,0.308987932604735,0.316706621004566,0.369908675799086,0.233247716894977,0.279627732240437,CAISO,47.062378042568895,,26.33764439767336,
60279,Antelope Big Sky Ranch Solar Facility (ABSR),2016-08-16,2016,CAISO,CA,34.694839,-118.287691,5.7423842466,PV,c-Si,26.31,20.0,1.3155,Tracking,Single Axis,Tracking,180,,,,,,,10.5,7.2,79.01,54.72,Public Utilities,69.72893613267938,,,,,,,,,,0.322009132420091,0.327009132420091,0.314942922374429,0.296584699453552,0.291335616438356,0.297037671232876,0.261198630136986,0.307211976320582,CAISO,47.062378042568895,,22.666558090110485,
59600,Nicolis Solar PV Plant (Coronal Tulare 1),2016-09-30,2016,CAISO,CA,35.822341,-119.039271,5.335983105,PV,c-Si,26.0,20.0,1.3,Tracking,Single Axis,Tracking,180,,,,,,,12.39,9.84,123.18,83.3,Investor-owned Utility,88.1785518173142,,,,,,,,,,0.289977168949771,0.28472602739726,0.286495433789954,0.268465391621129,0.22917808219178,0.232654109589041,0.250171232876712,0.224248633879781,CAISO,47.062378042568895,,41.116173774745306,
59962,North Lancaster Ranch,2016-12-14,2016,CAISO,CA,34.719538,-118.313011,5.781177169,PV,c-Si,22.47,20.0,1.1235,Fixed Tilt,Fixed Tilt,25,180,,,,,,,8.36,10.42,103.76,71.82,Investor-owned Utility,109.39470466084111,,,,,,,,,,0.225593607305936,0.220079908675799,0.221906392694063,0.191717896174863,0.200679223744292,0.15982305936073,0.164794520547945,0.212027550091074,CAISO,47.062378042568895,,62.33232661827222,
60386,RE Garland A,2016-12-14,2016,CAISO,CA,34.821453,-118.497406,5.7788794521,PV,c-Si,26.82926829268293,20.0,1.3414634146341464,Tracking,Single Axis,Tracking,180,,,,,,,10.31,6.66,72.97,50.85,Investor-owned Utility,70.86430771692751,,,,,,,,,,0.335918949771689,0.342442922374429,0.328978310502283,0.300654599271402,0.316740867579908,0.275627853881278,0.273493150684931,0.331500455373406,CAISO,47.062378042568895,,23.801929674358618,
59961,Western Antelope Blue Sky Ranch B (WABSRB),2016-12-21,2016,CAISO,CA,34.725881,-118.312711,5.781177169,PV,c-Si,25.855,20.0,1.29275,Tracking,Single Axis,Tracking,180,,,,,,,9.99,7.74,75.69,52.57,Public Utilities,68.6711880959253,,,,,,,,,,0.307979452054794,0.326569634703196,0.313664383561643,0.313461976320582,0.312054794520547,0.30792808219178,0.281569634703196,0.285598816029143,CAISO,47.062378042568895,,21.608810053356407,
60078,CED Ducor 1 (SR Solis Vestal Almond),2016-12-31,2016,CAISO,CA,35.856278,-119.068414,5.335983105,PV,c-Si,26.1894,20.0,1.30947,Tracking,Single Axis,Tracking,180,,,,,,,12.39,7.89,81.43,56.45,Investor-owned Utility,62.437331725994255,,,,,,,,,,0.305810502283105,0.299337899543378,0.266757990867579,0.283282103825136,0.275593607305936,0.26273401826484,0.272385844748858,0.295167349726775,CAISO,47.062378042568895,,15.37495368342536,
60079,CED Ducor 2 (SR Solis Vestal Herder),2016-12-31,2016,CAISO,CA,35.844167,-119.068069,5.335983105,PV,c-Si,26.1894,20.0,1.30947,Tracking,Single Axis,Tracking,180,,,,,,,12.32,7.85,89.67,61.59,Investor-owned Utility,62.437331725994255,,,,,,,,,,0.303961187214611,0.29837899543379,0.264674657534246,0.286925091074681,0.275085616438356,0.265736301369863,0.269138127853881,0.296892076502732,CAISO,47.062378042568895,,15.37495368342536,
60081,CED Ducor 4 (SR Solis Vestal Fireman),2016-12-31,2016,CAISO,CA,35.850403,-119.026992,5.335983105,PV,c-Si,26.1894,20.0,1.30947,Tracking,Single Axis,Tracking,180,,,,,,,12.34,7.94,84.43,58.36,Investor-owned Utility,62.437331725994255,,,,,,,,,,0.304874429223744,0.298761415525114,0.265439497716894,0.277197176684881,0.273767123287671,0.26421803652968,0.267745433789954,0.293459699453551,CAISO,47.062378042568895,,15.37495368342536,
59251,Caprock Solar 1,2016-12-31,2016,SPP,NM,34.986041,-103.624961,5.4588408676,PV,c-Si,32.4,25.0,1.296,Tracking,Single Axis,Tracking,180,,,,,,,28.23,21.21,70.0,48.98,Public Utilities,45.93463558062986,,,,,,,,,,0.315009132420091,0.309639269406392,0.293680365296803,0.28125227686703,0.236502283105022,0.310680365296803,0.284547945205479,0.308683970856102,SPP,46.824108692098186,48.39181586613081,-0.8894731114683267,-2.4571802855009537
60285,Red Horse 3,2016-07-30,2016,West (non-ISO),AZ,32.269171,-110.152751,5.755973516,PV,c-Si,37.7,30.0,1.2566666666666668,Tracking,Single Axis,Tracking,180,,,,,,,14.57,19.14,89.76,62.58,Unknown,49.23656155741687,,,,,,,,,,0.30193302891933,0.309086757990867,0.287872907153729,0.292505312689738,0.282507610350076,0.276335616438356,0.182869101978691,0.19798117789921,,,,,
60304,PSEG San Isabel Solar,2016-12-31,2016,West (non-ISO),CO,37.371641,-104.474081,5.1506760274,PV,c-Si,37.9,30.0,1.2633333333333332,Tracking,Single Axis,Tracking,180,,,,,,,15.67,27.39,70.33,49.35,Public Utilities,45.07815489076617,,,,,,,,,,0.253683409436834,0.286974885844748,0.28177701674277,0.293924559805707,0.288424657534246,0.287770167427701,0.280296803652968,0.287985731633272,,,,,
59894,Pawpaw Solar Plant,2016-03-01,2016,Southeast (non-ISO),GA,32.573431,-84.257611,4.585002968,PV,c-Si,42.5,30.48,1.3943569553805775,Tracking,Single Axis,Tracking,180,,,,,,,27.92,28.63,95.47,66.67,Monopoly Investor-owned Utility,63.19483927676199,,,,,,,,,,0.253165905631659,0.245551750380517,0.254817351598173,0.232722374013357,0.245117960426179,0.252473363774733,0.228239342513692,0.236210014390277,,,,,
60351,"PSEG Rawhide Flats Solar Energy Center (Bison Solar, Larimer Solar)",2016-10-31,2016,West (non-ISO),CO,40.863809,-105.011101,4.4396744292,PV,c-Si,36.3,32.400000000000006,1.12037037037037,Tracking,Single Axis,Tracking,180,,,,,,,16.03,28.14,76.68,54.1,Public Utilities,51.887770814144126,,,,,,,,,,0.208467219121709,0.226746152545239,0.215894357066351,0.220659335717016,0.218980776819437,0.232795676193697,0.219731241896386,0.214506875576244,,,,,
59964,Elevation Solar C,2016-12-21,2016,CAISO,CA,34.726981,-118.303251,5.781177169,PV,c-Si,51.136,40.0,1.2784,Tracking,Single Axis,Tracking,180,,,,,,,9.97,7.78,73.5,51.12,Public Utilities,64.0167765400133,,,,,,,,,,0.314974315068493,0.330870433789954,0.316007420091324,0.314466643897996,0.311872146118721,0.310533675799086,0.282280251141552,0.284266848816029,CAISO,47.062378042568895,,16.9543984974444,
60186,Antelope DSR 1,2016-12-16,2016,CAISO,CA,34.656121,-118.290481,5.7423842466,PV,c-Si,62.5,50.0,1.25,Tracking,Single Axis,Tracking,180,,,,,,,10.4,8.4,73.12,51.22,Public Utilities,53.74731688548791,,,,,,,,,,0.301100456621004,0.302417808219178,0.2924200913242,0.291584699453551,0.299566210045662,0.292586757990867,0.24348401826484,0.263219489981785,CAISO,47.062378042568895,,6.684938842919017,
59317,Beacon Solar 4 ( Hecate Energy Beacon 4 Photovoltaic Project),2016-12-09,2016,West (non-ISO),CA,35.251791,-118.024281,5.8451440639,PV,c-Si,56.47,50.0,1.1294,Tracking,Single Axis,Tracking,180,,,,,,,8.9,15.79,74.88,51.82,Public Utilities,62.7322391321658,,,,,,,,,,0.26436301369863,0.286157534246575,0.280627853881278,0.280173041894353,0.283171232876712,0.286828767123287,0.265632420091324,0.262937158469945,,,,,
60063,Live Oak Solar,2016-12-31,2016,Southeast (non-ISO),GA,32.423798,-82.102824,4.698830137,PV,c-Si,,51.0,,Fixed Tilt,Fixed Tilt,17,200,,,,,,,27.45,29.38,90.5,63.85,Monopoly Investor-owned Utility,58.94838360065874,,,,,,,,,,0.221799176291521,0.219511594592174,0.228693258125167,0.219224347298117,0.217519473542841,0.224216581609812,0.209217476945115,0.210025358048501,,,,,
60554,SR Hazlehurst Solar II,2016-12-31,2016,Southeast (non-ISO),GA,31.820211,-82.602071,4.7210342466,PV,Thin-Film,71.3,52.5,1.358095238095238,Tracking,Single Axis,Tracking,180,,,,,,,27.39,34.28,114.41,79.19,Public Utilities,50.57447604507215,,,,,,,,,,0.2220700152207,0.256281800391389,0.236099151989562,0.248876333593546,0.250123939986953,0.245031528593172,0.199180256577516,0.186195680457975,,,,,
60590,"TID Solar Generating Station (Golden Fields Solar I , Rosamond West Solar Project II)",2016-12-31,2016,CAISO,CA,34.840151,-118.391161,5.7757949772,PV,c-Si,67.4,54.0,1.2481481481481482,Tracking,Single Axis,Tracking,180,,,,,,,10.03,7.46,85.12,58.13,Public Utilities,48.897558989774126,,,,,,,,,,0.317820903094875,0.322702097074243,0.314857094537459,0.263281724347298,0.259210637578217,0.325450279046169,0.305794435988499,0.296074934223841,CAISO,47.062378042568895,,1.835180947205231,
60591,"Stanford Solar Generating Station (Solar Star California  XLI  ,Rosamond West Solar Project I)",2016-12-31,2016,CAISO,CA,34.830401,-118.395841,5.7757949772,PV,c-Si,67.4,54.0,1.2481481481481482,Tracking,Single Axis,Tracking,180,,,,,,,10.03,7.07,84.59,57.68,Public Utilities,49.23618751298764,,,,,,,,,,0.320649416539827,0.33159352274649,0.329208946389311,0.249858749915671,0.233576441738542,0.330807119905293,0.310339506172839,0.312550597045132,CAISO,47.062378042568895,,2.173809470418746,
59316,Beacon Solar 3 ( Hecate Energy Beacon 3 Photovoltaic Project),2016-12-09,2016,West (non-ISO),CA,35.248481,-118.008811,5.8451440639,PV,c-Si,62.95,56.0,1.124107142857143,Tracking,Single Axis,Tracking,180,,,,,,,8.88,15.64,70.66,49.07,Public Utilities,62.51127422325783,,,,,,,,,,0.269088388780169,0.291579011741682,0.281716813437703,0.281392304189435,0.284332191780821,0.2873593444227,0.274062296151337,0.268776021337496,,,,,
59523,Five Points Solar Park,2016-08-30,2016,CAISO,CA,36.392041,-120.238331,5.3629392694,PV,c-Si,84.0,60.0,1.4,Tracking,Single Axis,Tracking,179,,,,,,,1.53,8.64,79.29,56.52,Education,54.9302513143321,,,,,,,,,,0.283451293759512,0.308464611872146,0.274984779299847,0.255565042501517,0.269861111111111,0.264809741248097,0.193980213089802,,CAISO,47.062378042568895,,7.867873271763202,
60611,Summit Farms Solar (Phase 1),2016-12-01,2016,PJM,NC,36.474821,-76.151331,4.3991255708,PV,c-Si,84.2,60.0,1.4033333333333333,Tracking,Single Axis,Tracking,181,,,,,,,30.87,5.22,131.0,91.76,Monopoly Investor-owned Utility,56.640235994573715,,,,,,,,,,0.23912100456621,0.218329528158295,0.232511415525114,0.228525349119611,0.211358447488584,0.196995814307458,0.118658675799086,0.148413782635094,PJM,67.26257488116934,69.4054084837035,-10.622338886595628,-12.765172489129782
60389,RE Barren Ridge 1 / RE Cinco Solar Project (Apollo Solar Project?),2016-08-30,2016,West (non-ISO),CA,35.204730999999995,-118.06875099999999,5.8451440639,PV,c-Si,78.0,62.0,1.2580645161290323,Tracking,Single Axis,Tracking,180,,,,,,,9.08,17.18,77.9,53.45,Public Utilities,67.1580553370516,,,,,,,,,,0.32767896597437,0.326007143909265,0.300832228605096,0.309604339267877,0.315372293415819,0.311802179997054,0.312076520842539,0.321304497914096,,,,,
60406,Roswell Solar,2016-10-07,2016,SPP,NM,33.460731,-104.460111,5.5833401826,PV,c-Si,95.6,70.0,1.3657142857142857,Tracking,Single Axis,Tracking,180,,,,,,,36.74,25.16,77.05,54.52,Investor-owned Utility,41.11454921523206,,,,,,,,,,0.279595564253098,0.307273320287018,0.268284409654272,0.284842570908144,0.262110241356816,0.262852250489236,0.259801043705153,0.238591269841269,SPP,46.824108692098186,48.39181586613081,-5.709559476866126,-7.277266650898753
60405,Chaves County Solar I,2016-10-07,2016,SPP,NM,33.446111,-104.442021,5.5833401826,PV,c-Si,95.6,70.0,1.3657142857142857,Tracking,Single Axis,Tracking,180,,,,,,,36.33,26.24,76.97,54.75,Investor-owned Utility,41.637438125926806,,,,,,,,,,0.283864970645792,0.305699608610567,0.270433789954337,0.28866933385376,0.265981735159817,0.265316373124592,0.2272586431833,0.225845693468644,SPP,46.824108692098186,48.39181586613081,-5.1866705661713794,-6.754377740204006
60058,River Bend Solar (AL),2016-09-30,2016,Southeast (non-ISO),AL,34.837061,-87.8429,4.3994481735,PV,c-Si,100.2,75.0,1.336,Tracking,Single Axis,Tracking,180,,,,,,,23.57,38.1,82.63,58.65,Investor-owned Utility,64.89884906772203,,,,,,,,,,0.228575342465753,0.225290715372907,0.227531202435312,0.19841226472374,0.228853881278538,0.248602739726027,0.233228310502283,0.226622647237401,,,,,
59977,RE Astoria 2,2016-12-31,2016,CAISO,CA,34.836561,-118.483661,5.7788794521,PV,c-Si,94.9,75.0,1.2653333333333334,Tracking,Single Axis,Tracking,180,,,,,,,10.19,9.33,82.57,56.68,Public Utilities,63.22801068362831,,,,,,,,,,0.32176103500761,0.348995433789954,0.327678843226788,0.335625379477838,0.34976103500761,0.353471841704718,0.310663622526636,0.23680176077717,CAISO,47.062378042568895,,16.165632641059418,
60082,White Oak Solar,2016-07-01,2016,Southeast (non-ISO),GA,33.035471,-82.107111,4.6657502283,PV,c-Si,112.6,76.5,1.4718954248366012,Fixed Tilt,Fixed Tilt,17,200,,,,,,,27.54,30.09,88.66,63.67,Monopoly Investor-owned Utility,58.885986851171005,,,,,,,,,,0.237690631808278,0.224724684394305,0.227737487689139,0.215073157374668,0.215026710836541,0.222534097352791,0.210270988151729,0.206998464230865,,,,,
60127,"Amazon Solar Farm US East 1 (EIA: Eastern Shore Solar, Ventyx: Oak Hall Solar, Dominion: Solar Alliance with AWS, Amazon: Amazon Solar Farm US East 1)",2016-10-31,2016,PJM,VA,37.948811,-75.571631,4.3047945205,PV,c-Si,105.4,80.0,1.3175000000000001,Tracking,Single Axis,Tracking,182,,,,,,,45.32,7.46,123.07,84.79,Corporate,75.07164871964594,,,,,,,,,,0.224797374429223,0.219270833333333,0.235921803652968,0.221183401639344,0.22292808219178,0.214870148401826,0.173210616438356,0.19453125,PJM,67.26257488116934,69.4054084837035,7.809073838476593,5.666240235942439
60185,Solverde 1 Solar Facility,2016-12-20,2016,CAISO,CA,34.655694,-118.298166,5.7423842466,PV,c-Si,106.3,85.0,1.2505882352941176,Tracking,Single Axis,Tracking,180,,,,,,,10.67,9.01,72.65,50.91,Public Utilities,56.48718010904582,,,,,,,,,,0.299794520547945,0.300717163577759,0.293918882621541,0.291512643308689,0.299067955949503,0.284556809024979,0.259853612677947,0.258700310725383,CAISO,47.062378042568895,,9.424802066476929,
59814,Copper Mountain Solar 4,2016-09-30,2016,CAISO,NV,35.788471,-114.980101,5.6636732877,PV,c-Si,125.2,93.6,1.3376068376068377,Tracking,Single Axis,Tracking,180,,,,,,,11.12,8.6,83.15,57.74,Investor-owned Utility,61.90421720582398,,,,,,,,,,0.303700532724505,0.321767796510947,0.324387513171759,0.325349946678498,0.299033095265972,0.290980027709479,0.261248438902548,0.256940552364049,CAISO,47.062378042568895,,14.841839163255088,
59150,RE Mustang Solar,2016-08-23,2016,CAISO,CA,36.233341,-119.913381,5.3587312785,PV,c-Si,134.4,100.0,1.344,Tracking,Single Axis,Tracking,179,PV+Storage,Lithium iron phosphate,AC,2021.0,75.0,300.0,5.15,9.16,95.13,65.96,Public Utilities,63.90678956209067,,,,,,,,,,0.302320776255707,0.295743150684931,0.282163242009132,0.26329121129326,0.235563926940639,0.249455479452054,0.185378995433789,0.266649590163934,CAISO,47.062378042568895,,16.844411519521778,
59852,North Star Solar Project,2016-10-20,2016,MISO,MN,45.486161,-92.895241,3.7650851598,PV,c-Si,138.0,100.0,1.38,Tracking,Single Axis,Tracking,180,,,,,,,28.88,2.75,107.53,74.87,Investor-owned Utility,72.92091214132373,,,,,,,,,,0.216235159817351,0.225179223744292,0.203187214611872,0.225416666666666,0.233478310502283,0.220033105022831,0.215877853881278,0.213366347905282,MISO,55.100109118383095,58.15267132192334,17.82080302294063,14.768240819400383
60352,Boulder Solar Project 1,2016-12-31,2016,West (non-ISO),NV,35.835901,-114.974121,5.4780166667,PV,c-Si,124.9,100.0,1.249,Tracking,Single Axis,Tracking,180,,,,,,,10.72,10.03,71.49,49.59,Investor-owned Utility,45.99770375316176,,,,,,,,,,0.309934931506849,0.319752283105022,0.30608904109589,0.320160519125683,0.297369863013698,0.305560502283105,0.298220319634703,0.308039617486338,,,,,
60307,Mesquite Solar 2,2016-12-31,2016,CAISO,AZ,33.333041,-112.921621,5.8711141553,PV,c-Si,136.5,100.8,1.3541666666666667,Tracking,Single Axis,Tracking,180,,,,,,,9.64,7.09,62.9,44.62,Investor-owned Utility,60.17795095887445,,,,,,,,,,0.329438691382184,0.322786430021019,0.289971325288106,0.29782233931824,0.290157054069725,0.28750815394651,0.310753696455751,0.312446918278544,CAISO,47.062378042568895,,13.115572916305553,
60064,White Pine Solar,2016-07-01,2016,Southeast (non-ISO),GA,32.503791,-84.259531,4.585002968,PV,c-Si,148.5,101.2,1.467391304347826,Fixed Tilt,Fixed Tilt,17,200,,,,,,,27.59,30.8,85.31,61.45,Monopoly Investor-owned Utility,58.10528952334705,,,,,,,,,,0.232921832981392,0.216416698251123,0.226303761257602,0.212521463746517,0.218781020448679,0.229373093652426,0.212256574079087,0.213295418547556,,,,,
58975,Henrietta Solar Project,2016-10-31,2016,CAISO,CA,36.218806,-119.805833,5.3183070776,PV,c-Si,127.9,102.0,1.253921568627451,Tracking,Single Axis,Tracking,180,,,,,,,4.22,10.04,138.82,92.52,Investor-owned Utility,103.85218957358225,,,,,,,,,,0.279931059181663,0.284686408810099,0.264563747873578,0.269270777527768,0.268894932402184,0.256916465216223,0.26213291252574,0.243283242258652,CAISO,47.062378042568895,,56.789811531013356,
59896,Butler Solar Project 103,2016-12-31,2016,Southeast (non-ISO),GA,32.559841,-84.279881,4.585002968,PV,Thin-Film,141.5,103.0,1.3737864077669903,Tracking,Single Axis,Tracking,180,,,,,,,27.9,28.87,90.84,63.69,Monopoly Investor-owned Utility,63.789216528856066,,,,,,,,,,0.258210311654918,0.250063173294321,0.255139202908188,0.241025164907068,0.23726116061533,0.243447710245156,0.229119563771778,0.236444904238951,,,,,
59532,Springbok Solar Farm 1,2016-07-30,2016,West (non-ISO),CA,35.251721,-117.956301,5.8586210046,PV,c-Si,136.8,105.0,1.302857142857143,Tracking,Single Axis,Tracking,179,,,,,,,9.09,17.17,88.33,60.04,Public Utilities,66.00390044198072,,,,,,,,,,0.32533376821048,0.32397586431833,0.315382691889541,0.319432517998091,0.321580778430093,0.333726897151554,0.316977603826918,0.322764333420071,,,,,
59656,Comanche Solar,2016-09-30,2016,West (non-ISO),CO,38.205278,-104.566667,5.1341100457,PV,c-Si,156.0,120.0,1.3,Tracking,Single Axis,Tracking,180,,,,,,,15.63,28.11,85.7,60.0,Investor-owned Utility,61.17089747148271,,,,,,,,,,0.271535388127853,0.283352359208523,0.276656202435312,0.275814928658166,0.236707572298325,0.220328196347032,0.244702245053272,0.23003756830601,,,,,
60092,NextEra Blythe Solar II (125),2016-10-30,2016,CAISO,CA,33.680001,-114.730001,5.7975968037,PV,c-Si,161.5,131.2,1.2309451219512195,Tracking,Single Axis,Tracking,181,PV+Storage,LIB,AC,2021.0,115.0,538.6,8.51,7.43,73.35,50.97,Investor-owned Utility,57.18709112143188,,,,,,,,,,0.303718224468203,0.300254413074952,0.236908689720458,0.240741377060286,0.272412538979841,0.303944446764673,0.281441418866243,0.297584091363454,CAISO,47.062378042568895,,10.124713078862982,
59897,Taylor County Solar (Sandhills Solar Facility),2016-10-31,2016,Southeast (non-ISO),GA,32.583056,-84.297222,4.585002968,PV,Thin-Film,180.0,146.0,1.2328767123287672,Tracking,Single Axis,Tracking,180,,,,,,,27.87,28.62,94.74,66.81,Public Utilities,63.75985073611599,,,,,,,,,,0.233036216926252,0.225939826108713,0.231383311440545,0.210272569054569,0.210309939325702,0.205588915994245,0.161639144304747,0.191369114454674,,,,,
57491,(Tenaska) Imperial Solar Energy Center West (Csolar IV West),2016-04-30,2016,CAISO,CA,32.772225,-115.779311,5.7881271689,PV,Thin-Film,182.29,148.7,1.2258910558170815,Tracking,Single Axis,Tracking,180,,,,,,,11.11,7.73,80.88,55.47,Investor-owned Utility,105.9911450604908,,,,,,,,,,0.29987133543987,0.289620393486318,0.303153202949151,0.298614862506017,0.308077923433839,0.328535281419179,0.298091066257642,0.286053814295846,CAISO,47.062378042568895,,58.9287670179219,
60308,Mesquite Solar 3,2016-12-31,2016,CAISO,AZ,33.341391,-112.951341,5.8711141553,PV,c-Si,210.0,154.0,1.3636363636363635,Tracking,Single Axis,Tracking,180,,,,,,,9.67,6.57,46.48,33.91,Military,53.78044569804706,,,,,,,,,,0.33531202435312,0.33926103500761,0.339145357686453,0.343921523982999,0.329605783866057,0.348293759512937,0.342184812903991,0.337296412603789,CAISO,47.062378042568895,,6.7180676554781655,
59840,Springbok Solar Farm 2 (Fremont Solar),2016-09-30,2016,West (non-ISO),CA,35.248251,-117.972311,5.8586210046,PV,c-Si,191.0,155.0,1.232258064516129,Tracking,Single Axis,Tracking,179,,,,,,,8.98,17.1,81.35,55.76,Public Utilities,55.214434248737746,,,,,,,,,,0.307569597878921,0.299739284136102,0.300972897333922,0.301867765438627,0.306025924289291,0.315011783767859,0.297661658565326,0.293058493448498,,,,,
59994,RE Roserock,2016-11-23,2016,ERCOT,TX,30.960209,-103.306662,5.6109545662,PV,c-Si,212.1,157.5,1.3466666666666667,Tracking,Single Axis,Tracking,179,,,,,,,22.27,,74.71,52.75,Public Utilities,48.173722425621584,,,,,,,,,,0.287301587301587,0.182854968471406,0.279009929694861,0.299663168242403,0.252022178734507,0.26639051967819,0.279393346379647,0.264375343337091,ERCOT,39.2439613600786,40.6691340939596,8.929761065542984,7.504588331661985
60233,RE Garland,2016-11-30,2016,CAISO,CA,34.825267,-118.524989,5.757109589,PV,c-Si,248.1707317073171,185.0,1.3414634146341464,Tracking,Single Axis,Tracking,180,PV+Storage,,AC,2021.0,88.0,352.0,10.4,7.25,77.21,53.85,Investor-owned Utility,53.54114288485459,,,,,,,,,,0.337771195853387,0.324777860051832,0.293372824879674,0.300361837247083,0.299310749105269,0.275762063433296,0.242354066395162,0.304791266676512,CAISO,47.062378042568895,,6.478764842285692,
59939,RE Tranquility Solar,2016-09-26,2016,CAISO,CA,36.581365,-120.404471,5.3029461187,PV,c-Si,257.7,205.3,1.2552362396492935,Tracking,Single Axis,Tracking,180,PV+Storage,Lithium-ion,AC,2022.0,72.0,288.0,-14.56,8.78,80.59,56.12,Corporate,49.83310137386536,,,,,,,,,,0.253238383744025,0.2790320212986,0.274331249291047,0.237395272988926,0.270864888669437,0.241929062492354,0.255363573076041,0.278357253191162,CAISO,47.062378042568895,,2.770723331296466,
58644,Silver State South Solar Project 1-8,2016-06-30,2016,CAISO,NV,35.616631,-115.336961,5.5147972603,PV,Thin-Film,338.7,249.99999999999997,1.3548,Tracking,Single Axis,Tracking,180,,,,,,,11.48,8.14,68.76,48.48,Investor-owned Utility,134.81085364055068,,,,,,,,,,0.324730136986301,0.324609132420091,0.298982648401826,0.309631602914389,0.306826940639269,0.29085205479452,0.29388401826484,0.286584244080145,CAISO,47.062378042568895,,87.74847559798178,
57859,Moapa Southern Paiute (Moapa Solar Project),2016-12-31,2016,West (non-ISO),NV,36.529951,-114.770308,5.7123159817,PV,Thin-Film,353.0,250.0,1.412,Fixed Tilt,Fixed Tilt,30,181,,,,,,,10.57,6.53,101.93,69.76,Public Utilities,88.74452544725571,,,,,,,,,,0.287025114155251,0.285138356164383,0.273844748858447,0.286948998178506,0.276776255707762,0.290471689497716,0.269390867579908,0.279913479052823,,,,,
58462,McCoy Solar Energy Project (1-8) Phase I,2016-06-30,2016,CAISO,CA,33.692211,-114.750651,5.7975968037,PV,Thin-Film,339.30000000000007,270.6,1.2538802660753883,Tracking,Single Axis,Tracking,180,PV+Storage,,AC,2021.0,230.0,920.0,10.63,7.86,80.69,55.85,Investor-owned Utility,96.30850725651945,,,,,,,,,,0.314363987350956,0.295684459023917,0.304303897646697,0.239450095382722,0.262492111222482,0.284636373760997,0.256854377385616,0.281239776816546,CAISO,47.062378042568895,,49.24612921395055,
61006,SCDA Solar 1 (Sacramento Airport PV) has North and East site,2017-12-06,2017,CAISO,CA,38.690186,-121.5865,5.0432678082,PV,c-Si,7.908999999999999,6.800000000000001,1.1630882352941174,Tracking,Single Axis,Tracking,180,,,,,,,25.88,10.37,84.57,58.39,Corporate,68.54889488292045,,,,,,,,,,,,0.249848912167606,0.240912621879352,0.220000671501477,0.249529948965887,0.1979082728982,0.224874102646523,CAISO,47.062378042568895,,21.486516840351555,
61388,"AEP Jacksonville Solar Project (Northwest Jacksonville Solar Partners, Nwjax)",2017-05-30,2017,Southeast (non-ISO),FL,30.518781,-81.681741,4.7381013699,PV,c-Si,7.5,7.1,1.0563380281690142,Tracking,Single Axis,Tracking,180,,,,,,,,,92.04,62.88,Public Utilities,66.31813011953437,,,,,,,,,,,0.161843205350826,0.234130812270885,0.227718771646271,0.229387741976976,0.195993311466975,0.224194481960254,,,,,,
61324,Odyssey Solar (Phase 1),2017-08-31,2017,Southeast (non-ISO),SC,33.790411,-81.265571,4.5642771689,PV,c-Si,11.84,8.16,1.4509803921568627,Tracking,Single Axis,Tracking,180,,,,,,,29.63,14.5,56.96,42.91,Monopoly Investor-owned Utility,53.047322620428346,,,,,,,,,,,0.258164338794878,0.24869337004208,0.261170041787206,0.228100658071447,0.253631703823081,0.244146745456173,0.162380241258616,,,,,
61013,Marin Clean Energy Solar One (Richmond Solar Project),2017-12-30,2017,CAISO,CA,37.94596,-122.376201,4.8901961187,PV,c-Si,13.0,10.5,1.2380952380952381,Tracking,Single Axis,15,180,,,,,,,29.51,10.58,87.96,60.83,Public Utilities,91.99540750632353,,,,,,,,,,,0.220004348771472,0.219743422483148,0.221821059935814,0.22945205479452,0.24485757773429,0.216884105240269,0.230711683580536,CAISO,47.062378042568895,,44.933029463754636,
60311,Portal Ridge Solar C,2017-02-28,2017,CAISO,CA,34.714121,-118.27391,5.8113525114,PV,Thin-Film,13.75,11.4,1.2061403508771928,Tracking,Single Axis,Tracking,180,,,,,,,9.85,9.21,108.35,73.03,Investor-owned Utility,67.96867686219747,,,,,,,,,,,0.302801810462228,0.306076263718657,0.287883871792413,0.30357285908836,0.240957702475366,0.171202835856765,0.253111718275652,CAISO,47.062378042568895,,20.906298819628574,
59253,Wildwood Solar II,2017-01-31,2017,CAISO,CA,35.628631,-119.573161,5.3805184931,PV,c-Si,20.61,14.7,1.4020408163265305,Tracking,Single Axis,Tracking,180,,,,,,,8.23,8.19,100.05,67.61,Investor-owned Utility,77.22006928390637,,,,,,,,,,,0.31880377721865,0.304499425340912,0.272852310323036,0.296329947504115,0.282941943900848,0.283935948808747,0.298347025513301,CAISO,47.062378042568895,,30.157691241337474,
61462,SR Platteville Solar Farm (Platte Solar Farm),2017-12-31,2017,West (non-ISO),CO,40.181321,-104.689321,4.8135070776,PV,Thin-Film,21.8,16.0,1.3625,Tracking,Single Axis,Tracking,180,,,,,,,16.74,30.25,70.51,49.9,Public Utilities,48.4517408754547,,,,,,,,,,,0.276498287671232,0.269470605022831,0.263497552367941,0.261843607305936,0.266045947488584,0.240946061643835,0.245481841985428,,,,,
60975,Whitney Point Solar Energy Center,2017-04-15,2017,CAISO,CA,36.375121,-120.134211,5.3627531963,PV,c-Si,28.6,20.0,1.4300000000000002,Tracking,Single Axis,Tracking,180,,,,,,,5.71,9.66,78.61,54.63,Public Utilities,58.19865098864112,,,,,,,,,,,0.301244292237442,0.294874429223744,0.286862477231329,0.311415525114155,0.310496575342465,0.283527397260274,0.252977003642987,CAISO,47.062378042568895,,11.136272946072225,
60981,Westside Solar Energy Center (Nextera Westside PV),2017-04-30,2017,CAISO,CA,36.381941,-120.134811,5.3627531963,PV,c-Si,27.0,20.0,1.35,Tracking,Single Axis,Tracking,180,,,,,,,1.83,10.57,84.0,57.97,Investor-owned Utility,74.56026759111488,,,,,,,,,,,0.306832191780821,0.289651826484018,0.286344489981785,0.307876712328767,0.281763698630137,0.27199200913242,0.23122723132969,CAISO,47.062378042568895,,27.497889548545984,
60481,Bayshore Solar A,2017-12-30,2017,CAISO,CA,34.667817,-118.298101,5.7423842466,PV,c-Si,25.0,20.0,1.25,Tracking,Single Axis,Tracking,180,,,,,,,10.4,8.37,55.29,39.37,Investor-owned Utility,57.43323556805425,,,,,,,,,,,0.315176940639269,0.31023401826484,0.296664389799635,0.316809360730593,0.297899543378995,0.270308219178082,0.263991347905282,CAISO,47.062378042568895,,10.370857525485356,
60474,Bayshore Solar B,2017-12-30,2017,CAISO,CA,34.678305,-118.302601,5.6208550228,PV,c-Si,25.0,20.0,1.25,Tracking,Single Axis,Tracking,180,,,,,,,10.35,8.56,58.43,41.46,Investor-owned Utility,57.416196966529746,,,,,,,,,,,0.317203196347032,0.306769406392694,0.282570582877959,0.308373287671232,0.295045662100456,0.25607305936073,0.258225182149362,CAISO,47.062378042568895,,10.353818923960851,
60475,Bayshore Solar C,2017-12-30,2017,CAISO,CA,34.681338,-118.314101,5.6208550228,PV,c-Si,25.0,20.0,1.25,Tracking,Single Axis,Tracking,180,,,,,,,10.35,9.39,61.11,43.32,Investor-owned Utility,57.50905595471118,,,,,,,,,,,0.308704337899543,0.305610730593607,0.282189207650273,0.305102739726027,0.282311643835616,0.260148401826484,0.23534266848816,CAISO,47.062378042568895,,10.446677912142285,
60582,"Tallahassee Airport 1 (CoTAL, City of Tallahassee Solar Farm, Tallahassee Solar 1)",2017-12-30,2017,Southeast (non-ISO),FL,30.379501,-84.356951,4.7657527397,PV,Thin-Film,28.0,20.0,1.4,Fixed Tilt,Fixed Tilt,30,180,,,,,,,,,79.58,57.18,Public Utilities,50.64466459933148,,,,,,,,,,,0.214229452054794,0.217294520547945,0.222057149362477,0.213087899543378,0.229931506849315,0.207260273972602,0.184631147540983,,,,,
60968,Amazon Solar Farm US East 5 (Scott 2),2017-12-31,2017,PJM,VA,37.532651,-77.942911,4.3119285388,PV,c-Si,28.3,20.0,1.415,Tracking,Single Axis,Tracking,159,,,,,,,33.71,3.48,80.7,57.27,Corporate,47.39768396708983,,,,,,,,,,,0.213321917808219,0.233213470319634,0.227487477231329,0.237260273972602,0.242813926940639,0.204834474885844,0.230766165755919,PJM,67.26257488116934,69.4054084837035,-19.86489091407951,-22.007724516613663
61490,Estill Solar I,2017-12-30,2017,Southeast (non-ISO),SC,32.765641,-81.246061,4.6653315068,PV,c-Si,27.99,20.4,1.3720588235294118,Tracking,Single Axis,Tracking,180,,,,,,,29.24,19.38,74.08,53.93,Monopoly Investor-owned Utility,49.98690016155748,,,,,,,,,,,,0.21956419554123,0.21799327654559,0.220375593159638,0.216699122571403,0.19329170024174,0.173839913925497,,,,,
61172,EE Waianae Solar Project (Waianae Solar),2017-01-25,2017,HI,HI,21.457001,-158.190311,5.2884390411,PV,c-Si,40.39,27.6,1.4634057971014491,Tracking,Single Axis,Tracking,180,,,,,,,172.49,,143.43,96.37,Investor-owned Utility,142.3860248180968,,,,,,,,,,,0.26245417245715,0.277042138177486,0.263444239856392,0.253213718483224,0.2688604327973,0.23677701674277,0.187478551252606,,,,,
60258,Alta Luna,2017-03-16,2017,West (non-ISO),NM,32.571121,-107.462941,5.8230972603,PV,c-Si,33.76737,28.1,1.2016857651245552,Tracking,Single Axis,Tracking,180,,,,,,,10.75,49.45,95.94,66.21,Public Utilities,45.19252172707547,,,,,,,,,,,0.293123060173223,0.281898470888379,0.277712955940597,0.289609028421001,0.282792213068135,0.235870748630949,0.103508319882802,,,,,
60237,Midway Solar Farm II,2017-05-30,2017,West (non-ISO),CA,33.165861,-115.54051,5.9063401826,PV,Thin-Film,40.0,30.0,1.3333333333333333,Tracking,Single Axis,Tracking,180,,,,,,,11.26,13.75,86.32,59.52,Public Utilities,67.24508166020458,,,,,,,,,,,0.330220700152207,0.305863774733637,0.282961445051609,0.279402587519025,0.273196347031963,0.258177321156773,0.218643746205221,,,,,
59308,Beacon Solar 5,2017-12-30,2017,West (non-ISO),CA,35.247161,-118.034621,5.8451440639,PV,c-Si,48.2,36.0,1.338888888888889,Tracking,Single Axis,Tracking,180,,,,,,,9.2,16.72,68.95,47.78,Public Utilities,74.12690894743588,,,,,,,,,,,0.317221588026382,0.3095700152207,0.31898590872293,0.316143455098934,0.326122526636225,0.308174784373414,0.293712684679214,,,,,
59690,"Gulf Coast Solar Center 2 (NAS Whiting Field, NOLF Holley)",2017-08-23,2017,Southeast (non-ISO),FL,30.428471,-86.894171,4.8293009132,PV,Thin-Film,53.7,40.0,1.3425,Fixed Tilt,Fixed Tilt,20,220,,,,,,,27.65,33.35,94.39,65.62,Monopoly Investor-owned Utility,77.66309994089028,,,,,,,,,,,0.220353881278538,0.224235159817351,0.231548838797814,0.223878424657534,0.186538242009132,0.221472602739726,0.226161202185792,,,,,
59309,Beacon Solar 2,2017-12-30,2017,West (non-ISO),CA,35.269211,-117.998491,5.8586210046,PV,c-Si,59.6,45.0,1.3244444444444445,Tracking,Single Axis,Tracking,180,,,,,,,9.03,17.52,66.04,46.01,Public Utilities,73.14647287718924,,,,,,,,,,,0.324492643328259,0.311593099949264,0.315814106456182,0.321156773211567,0.324885844748858,0.304142567224759,0.277927039060918,,,,,
60885,Boulder Solar Project 2,2017-01-31,2017,West (non-ISO),NV,35.843611,-114.950041,5.4780166667,PV,c-Si,62.0,50.0,1.24,Tracking,Single Axis,Tracking,180,,,,,,,10.61,10.82,63.61,44.37,Investor-owned Utility,50.99905761758803,,,,,,,,,,,0.308762557077625,0.299520547945205,0.3113456284153,0.295273972602739,0.296997716894977,0.287696347031963,0.279362477231329,,,,,
60989,Solaire Holman 1,2017-04-23,2017,ERCOT,TX,30.457371,-103.483111,5.626746347,PV,c-Si,65.0,50.0,1.3,Tracking,Single Axis,Tracking,178,,,,,,,22.12,,59.96,42.7,Public Utilities,43.922054692834266,,,,,,,,,,,0.242036529680365,0.276803652968036,0.282035519125683,0.269826484018264,0.30048401826484,0.260054794520547,0.268631602914389,ERCOT,39.2439613600786,40.6691340939596,4.678093332755665,3.252920598874667
59691,"Gulf Coast Solar Center 3 (NAS Pensicola, NOLF Saufley Field)",2017-08-23,2017,Southeast (non-ISO),FL,30.473141,-87.340931,4.7190511416,PV,Thin-Film,68.7,50.0,1.374,Fixed Tilt,Fixed Tilt,20,217,,,,,,,27.47,34.06,102.45,71.32,Monopoly Investor-owned Utility,77.66309994089028,,,,,,,,,,,0.212853881278538,0.216301369863013,0.208021402550091,0.206171232876712,0.200365296803652,0.191100456621004,0.207459016393442,,,,,
60552,Hattiesburg Solar Farm,2017-10-28,2017,Southeast (non-ISO),MS,31.274411,-89.299131,4.6431696347,PV,c-Si,67.5,50.6,1.3339920948616601,Fixed Tilt,Fixed Tilt,20,180,,,,,,,27.57,32.12,86.86,61.36,Monopoly Investor-owned Utility,48.73131860002062,,,,,,,,,,,0.203706210406627,0.20681953543776,0.199253561092032,0.19957992672406,0.21849450430451,0.190052700922266,0.20937052276147,,,,,
60306,Sumrall I Solar Farm (MS Solar 2),2017-06-30,2017,Southeast (non-ISO),MS,31.408811,-89.497211,4.6277952055,PV,c-Si,74.0,52.0,1.4230769230769231,Tracking,Single Axis,Tracking,180,,,,,,,27.76,40.62,101.5,70.12,Monopoly Investor-owned Utility,66.22138235028767,,,,,,,,,,,0.254996487530734,0.240057516684229,0.227034293120358,0.228940551457674,0.247541271513874,0.235313487881981,0.207755359394703,,,,,
60303,Sumrall II Solar Farm (MS Solar 3),2017-12-30,2017,MISO,MS,31.400111,-89.497211,4.6277952055,PV,c-Si,74.0,52.0,1.4230769230769231,Tracking,Single Axis,Tracking,180,,,,,,,25.81,2.47,83.01,58.96,Public Utilities,47.26543504727245,,,,,,,,,,,0.238735950122936,0.222108798735511,0.223789757601233,0.224484106076571,0.231796628029504,0.201271074815595,0.216871584699453,MISO,55.100109118383095,58.15267132192334,-7.834674071110648,-10.887236274650895
59315,Beacon Solar 1 (Hecate Energy Beacon 1 Photovoltaic Project),2017-04-30,2017,West (non-ISO),CA,35.268851,-118.014021,5.8451440639,PV,c-Si,63.9,56.0,1.1410714285714285,Tracking,Single Axis,Tracking,180,PV+Storage,Lithium-ion,AC,2018.0,36.0,18.0,8.82,16.31,60.68,42.41,Public Utilities,63.12705405245416,,,,,,,,,,,0.291587165688193,0.281152152641878,0.283429287015352,0.287261497064579,0.288649706457925,0.275083577951728,0.260660616705698,,,,,
61048,Gala Solar Power Plant (Solar Star Oregon II),2017-10-27,2017,West (non-ISO),OR,44.184211,-120.917331,4.4842189498,PV,c-Si,71.0,56.0,1.2678571428571428,Tracking,Single Axis,Tracking,180,,,,,,,26.37,16.11,71.39,50.21,Corporate,57.276764084980144,,,,,,,,,,,0.258084637964774,0.256928816046966,0.247721100052042,0.256916585127201,0.223799331376386,0.236415525114155,0.254580161982825,,,,,
59875,Marshall Solar Project,2017-01-09,2017,MISO,MN,44.471951,-95.664611,3.9111689498,PV,c-Si,93.16,62.25,1.4965461847389558,Fixed Tilt,Fixed Tilt,25,180,,,,,,,15.66,3.01,110.83,78.35,Investor-owned Utility,68.41720464171013,,,,,,,,,,,0.196966862885331,0.177209293796189,0.190909356917652,0.178456290917093,0.185597183253562,0.191199501201151,0.159878128177555,MISO,55.100109118383095,58.15267132192334,13.317095523327033,10.264533319786786
59827,Playa Solar 1 (Switch Station 1),2017-10-30,2017,West (non-ISO),NV,36.400631,-114.901291,5.6882353881,PV,Thin-Film,99.0,79.0,1.2531645569620253,Tracking,Single Axis,Tracking,180,,,,,,,10.44,12.22,72.56,50.12,Corporate,48.42335223945691,,,,,,,,,,,0.310034102075024,0.300736951621293,0.304783150031126,0.298251546153401,0.302366915207213,0.279668805271371,0.261411715201401,,,,,
60583,"AL Solar (LaFayette Solar Farm, Alabama Solar A)",2017-12-30,2017,Southeast (non-ISO),AL,32.866321,-85.394451,4.5744938356,PV,c-Si,110.9,79.2,1.4002525252525253,Tracking,Single Axis,Tracking,180,,,,,,,28.19,30.26,58.19,42.86,Corporate,41.71389445352332,,,,,,,,,,,0.231980190028135,0.24086037313777,0.212336537046236,0.22751775748351,0.237575526959088,0.23759138185508,0.237814736619381,,,,,
60261,Playa Solar 2 (Switch Station 2),2017-08-30,2017,West (non-ISO),NV,36.409951,-114.911931,5.6882353881,PV,Thin-Film,136.9,100.0,1.369,Tracking,Single Axis,Tracking,180,,,,,,,10.72,12.36,75.92,52.33,Corporate,48.654334995332846,,,,,,,,,,,0.336987442922374,0.330297945205479,0.329593579234972,0.325070776255707,0.323152968036529,0.289009132420091,0.281090619307832,,,,,
61422,Amazon Solar Farm US East 6 (Southampton Solar ),2017-11-30,2017,PJM,VA,36.597791,-77.1668512,4.3867840183,PV,c-Si,140.8,103.6,1.3590733590733592,Tracking,Single Axis,Tracking,180,,,,,,,28.44,4.97,95.09,67.42,Corporate,46.417665745561486,,,,,,,,,,,0.236595890410958,0.255563926940639,0.226532331511839,0.216117579908675,0.216262557077625,0.131924243225613,0.177332997517423,PJM,67.26257488116934,69.4054084837035,-20.844909135607857,-22.98774273814201
60436,East Pecos Solar,2017-04-05,2017,ERCOT,TX,31.000883,-102.2817,5.4915118721,PV,Thin-Film,142.8,120.0,1.1900000000000002,Tracking,Single Axis,Tracking,179,,,,,,,22.3,,60.94,43.17,Public Utilities,39.90434831358655,,,,,,,,,,,0.280102739726027,0.27681601978691,0.2820563904068,0.271550608828006,0.26220509893455,0.253980213089802,0.234729811778992,ERCOT,39.2439613600786,40.6691340939596,0.6603869535079525,-0.764785780373046
60033,California Flats Solar 1,2017-11-30,2017,CAISO,CA,35.866551,-120.314111,5.4430990868,PV,Thin-Film,173.0,130.0,1.3307692307692307,Tracking,Single Axis,Tracking,180,PV+Storage,Lithium-ion,AC,2021.0,60.0,240.0,6.85,12.24,108.83,73.93,Corporate,64.42222083902827,,,,,,,,,,,0.31769669827889,0.295925535651563,0.298480629115875,0.301990691956445,0.26028363189322,0.225864067439409,0.200143617766568,CAISO,47.062378042568895,,17.359842796459375,
60581,CED Upton County Solar 1,2017-12-30,2017,ERCOT,TX,31.258121,-102.26951,5.5476324201,PV,c-Si,213.0,157.5,1.3523809523809525,Tracking,Single Axis,Tracking,180,,,,,,,23.64,,63.91,46.0,Public Utilities,36.36491983466532,,,,,,,,,,,0.288325722983257,0.29256649996376,0.254633243704282,0.257724142929622,0.260838588098862,0.230164528520692,0.223720617573076,ERCOT,39.2439613600786,40.6691340939596,-2.879041525413278,-4.304214259294277
61879,Bartow Solar Energy,2018-03-31,2018,Southeast (non-ISO),FL,27.925634,-81.777577,4.9707746575,PV,c-Si,9.3,7.26,1.2809917355371903,Fixed Tilt,Fixed Tilt,15,180,,,,,,,19.63,27.81,71.2,51.18,Public Utilities,55.69000076395345,,,,,,,,,,,,0.197145804244185,0.207850361538886,0.204661811137527,0.18459816093689,0.200086166773588,0.182776598573916,,,,,
62406,City of Gallup Solar,2018-05-31,2018,West (non-ISO),NM,35.524941,-108.769621,5.425536758,PV,c-Si,9.8,8.0,1.225,Tracking,Single Axis,Tracking,180,,,,,,,11.61,17.26,82.15,58.17,Unknown,44.07653158844261,,,,,,,,,,,,0.247745433789954,0.24456397996357,0.206264269406392,0.202197488584474,0.196075913242009,0.128315687613843,,,,,
60681,Annapolis Solar Park (Landfill),2018-08-31,2018,PJM,MD,38.992144,-76.57377,4.1513947489,PV,c-Si,18.0,12.0,1.5,Fixed Tilt,Fixed Tilt,12,180,,,,,,,42.43,7.57,134.66,91.09,Public Utilities,90.2272593153953,,,,,,,,,,,,0.214992389649923,0.209965088038858,0.21841704718417,0.215277777777777,0.217113774733637,0.204604963570127,PJM,67.26257488116934,69.4054084837035,22.96468443422596,20.821850831691805
60678,"San Joaquin Solar (Summer Wheat Solar Farm, SJ1A)",2018-10-31,2018,CAISO,CA,36.527211,-120.149211,5.2963639269,PV,Thin-Film,23.4252,18.5,1.266227027027027,Tracking,Single Axis,Tracking,179,,,,,,,2.74,16.18,123.11,83.52,Investor-owned Utility,55.47725881721716,,,,,,,,,,,,0.224320833909874,0.236098461849827,0.163022923296895,0.18089571514229,0.229365667036899,0.15101166740511,CAISO,47.062378042568895,,8.414880774648267,
61959,Coolidge Solar 1 (Coolidge Solar Ranger),2018-12-31,2018,ISO-NE,VT,43.424817,-72.665341,3.7222173516,PV,c-Si,25.574,19.59,1.3054619703930577,Fixed Tilt,Fixed Tilt,25,180,,,,,,,31.34,3.13,102.09,71.97,Investor-owned Utility,96.3617008296293,,,,,,,,,,,,0.154118329871964,0.170602310944489,0.15126299178828,0.172450765813328,0.152894613550385,0.157718660593161,ISO-NE,101.1798073345134,,-4.818106504884099,
61445,RE Gaskell West 1,2018-03-31,2018,CAISO,CA,34.834851,-118.55647,5.757109589,PV,c-Si,28.0,20.0,1.4,Tracking,Single Axis,Tracking,180,,,,,,,10.75,7.39,96.21,65.59,Investor-owned Utility,72.89592412057027,,,,,,,,,,,,0.299623287671232,0.303745446265938,0.318327625570776,0.252751141552511,0.14949200913242,0.299305555555555,CAISO,47.062378042568895,,25.833546078001376,
58876,Fusion Solar Center,2018-03-31,2018,ISO-NE,CT,41.643271,-72.04876,3.8702319635,PV,c-Si,31.8,20.0,1.59,Fixed Tilt,Fixed Tilt,25,180,,,,,,,31.1,3.25,99.14,68.95,Investor-owned Utility,110.68559165800808,,,,,,,,,,,,0.226558219178082,0.224254326047358,0.222585616438356,0.235017123287671,0.221723744292237,0.223542805100182,ISO-NE,101.1798073345134,,9.50578432349468,
60045,Shoreham Solar Commons (Tallgrass Solar),2018-07-30,2018,NYISO,NY,40.936551,-72.88915,3.9449787671,PV,c-Si,32.0,24.9,1.285140562248996,Fixed Tilt,Fixed Tilt,25,180,,,,,,,44.21,9.0,101.27,68.72,Public Utilities,161.3105663716645,,,,,,,,,,,,0.213461150538226,0.233378870673952,0.231317965927637,0.252553593368909,0.233949496616603,0.225345827755466,NYISO,,,,
61272,Gray Hawk Solar,2018-06-30,2018,West (non-ISO),AZ,35.346341,-113.91423,5.7033742009,PV,c-Si,64.5,46.0,1.4021739130434783,Tracking,Single Axis,Tracking,180,,,,,,,12.59,22.29,45.73,32.65,Investor-owned Utility,53.325948234521725,,,,,,,,,,,,0.34728757196744,0.364961986220004,0.341076037323803,0.334613857454834,0.342401230891403,0.344004910113249,,,,,
61811,"Titan Solar (NER Deer Trail Titan Solar Energy Center, NOT Hunter Solar)",2018-12-31,2018,West (non-ISO),CO,39.686461,-104.014001,4.8979700913,PV,c-Si,67.6,50.0,1.3519999999999999,Tracking,Single Axis,Tracking,181,,,,,,,16.74,32.87,58.69,42.5,Investor-owned Utility,32.104806115465315,,,,,,,,,,,,0.236618721461187,0.232274590163934,0.238730593607305,0.250979452054794,0.233077625570776,0.220771857923497,,,,,
61988,"Citrus Ridge Solar (Disney, FL Solar 5)",2018-12-31,2018,Southeast (non-ISO),FL,28.400781,-81.616321,4.9055815068,PV,Thin-Film,62.75,52.0,1.2067307692307692,Tracking,Single Axis,Tracking,180,,,,,,,19.6,33.58,59.01,43.46,Public Utilities,37.72217590038132,,,,,,,,,,,,0.215018001404987,0.221624544626593,0.220005707762557,0.186975324903407,0.15218870741131,0.188454532716827,,,,,
61262,Stuttgart Solar Energy Center,2018-01-31,2018,MISO,AR,34.439671,-91.44033,4.5237981735,PV,c-Si,97.5,81.0,1.2037037037037037,Fixed Tilt,Fixed Tilt,14,180,,,,,,,23.94,2.72,50.1,36.63,Monopoly Investor-owned Utility,51.577580011092564,,,,,,,,,,,,0.228757258019054,0.222337471047246,0.232084672191217,0.242258582783696,0.229956592818084,0.21588775326632,MISO,55.100109118383095,58.15267132192334,-3.5225291072905307,-6.5750913108307785
61750,CED Wistaria Ranch Solar,2018-12-31,2018,CAISO,CA,32.672613,-115.619901,5.6630150685,PV,c-Si,141.0,100.0,1.41,Tracking,Single Axis,Tracking,180,,,,,,,10.84,6.66,74.0,50.62,Investor-owned Utility,49.22868305208414,,,,,,,,,,,,0.334063926940639,0.307126593806921,0.295394977168949,0.288553652968036,0.311792237442922,0.332365664845173,CAISO,47.062378042568895,,2.1663050095152485,
61264,Antelope Expansion 2,2018-12-31,2018,CAISO,CA,34.75293,-118.3179,5.781177169,PV,c-Si,130.0,105.0,1.2380952380952381,Tracking,Single Axis,Tracking,180,,,,,,,10.41,8.28,55.93,39.58,Public Utilities,41.828414402725315,,,,,,,,,,,,0.252839747771254,0.273681585566831,0.276850402261361,0.285726244835833,0.25456729723853,0.266845563361956,CAISO,47.062378042568895,,-5.23396363984358,
60044,Buckthorn Solar 1 (Riggins Solar),2018-05-31,2018,ERCOT,TX,31.077111,-102.845251,5.611196347,PV,Thin-Film,202.0,154.0,1.3116883116883118,Tracking,Single Axis,Tracking,179,,,,,,,23.41,,54.1,38.84,Public Utilities,36.788364290966214,,,,,,,,,,,,0.19628031785566,0.268713185721382,0.247719860048627,0.249465545869655,0.262646029769317,0.278026902514607,ERCOT,39.2439613600786,40.6691340939596,-2.455597069112386,-3.8807698029933846
59940,Great Valley Solar 1-4 (Tranquility 8),2018-04-30,2018,CAISO,CA,36.576661,-120.390241,5.3220723744,PV,c-Si,281.0,200.0,1.405,Tracking,Single Axis,Tracking,180,,,,,,,-14.4,8.17,63.32,44.09,Public Utilities,44.078553850180974,,,,,,,,,,,,0.310917237442922,0.301983720400728,0.304570205479452,0.308109589041095,0.320438926940639,0.299181466302367,CAISO,47.062378042568895,,-2.983824192387921,
61202,Mount Signal Solar Farm 3 (MS3),2018-11-30,2018,CAISO,CA,32.678805,-115.56721,5.8522068493,PV,Thin-Film,328.9,252.3,1.3036068172810145,Tracking,Single Axis,Tracking,180,,,,,,,10.6,8.14,84.98,57.67,Investor-owned Utility,52.4383360302144,,,,,,,,,,,,0.282574289142627,0.26893607950751,0.291793128785945,0.282058034122601,0.289384240331416,0.271699364029435,CAISO,47.062378042568895,,5.375957987645506,
62931,City of Pratt Solar (Pratt Solar Farm),2019-03-31,2019,SPP,KS,37.654944,-98.704633,4.7406577626,PV,c-Si,7.67,6.0,1.2783333333333333,Fixed Tilt,Fixed Tilt,35,180,,,,,,,23.45,25.55,58.51,43.84,Public Utilities,64.55319717704606,,,,,,,,,,,,,0.231120977534911,0.218169710806697,0.217180365296803,0.189212328767123,0.19865664845173,SPP,46.824108692098186,48.39181586613081,17.729088484947873,16.161381310915246
62980,Turquoise Liberty Solar (Turquoise 1),2019-11-30,2019,West (non-ISO),NV,39.581232,-119.519116,5.2310636986,PV,Thin-Film,11.0,10.0,1.1,Tracking,Single Axis,Tracking,179,,,,,,,20.8,17.32,100.22,71.31,Investor-owned Utility,32.54609336536415,,,,,,,,,,,,,,0.253687214611872,0.279406392694064,0.168755707762557,0.105248178506375,,,,,
58281,Lanikuhana Solar (Mililani II),2019-09-30,2019,HI,HI,21.425399,-158.020651,5.0733043379,PV,Thin-Film,18.0,14.7,1.2244897959183674,Tracking,Single Axis,Tracking,180,,,,,,,171.98,,132.66,91.81,Investor-owned Utility,105.9197773142643,,,,,,,,,,,,,0.219578268465856,0.218385984530798,0.221251514304351,0.225809958686671,0.233797070740864,,,,,
62017,Riverhead Solar Farm,2019-06-30,2019,NYISO,NY,40.922992,-72.76451,3.927316895,PV,c-Si,22.9,20.0,1.145,Tracking,Single Axis,Tracking,180,,,,,,,45.29,10.01,113.76,80.1,Public Utilities,170.63327117371705,,,,,,,,,,,,,0.175113843351548,0.190416666666666,0.196757990867579,0.173595890410958,0.187511384335154,NYISO,,,,
59878,Windhub Solar A,2019-12-31,2019,CAISO,CA,35.020171,-118.287461,5.7908200913,PV,Thin-Film,25.0,20.0,1.25,Tracking,Single Axis,Tracking,180,,,,,,,10.19,8.33,49.56,36.64,Investor-owned Utility,45.01107381301003,,,,,,,,,,,,,0.281950136612021,0.286027397260274,0.255724885844748,0.254309360730593,0.2650956284153,CAISO,47.062378042568895,,-2.051304229558866,
62052,Citizens Imperial Solar,2019-08-31,2019,West (non-ISO),CA,33.190311,-115.431741,5.8933406393,PV,c-Si,39.4584875,30.0,1.3152829166666666,Tracking,Single Axis,Tracking,180,,,,,,,11.33,16.24,57.74,42.73,Public Utilities,29.97785859596369,,,,,,,,,,,,,0.302026411657559,0.292187975646879,0.273755707762557,0.24574200913242,0.191048117789921,,,,,
62376,Grazing Yak Solar,2019-11-30,2019,West (non-ISO),CO,38.9777591,-104.252711,4.9866449772,PV,c-Si,47.25,39.5,1.1962025316455696,Tracking,Single Axis,Tracking,181,,,,,,,15.11,33.66,41.33,31.39,Unknown,29.512321972931378,,,,,,,,,,,,,0.248999907772474,0.254635570198254,0.248713947170683,0.231995260389572,0.24306276083097,,,,,
62057,SR Hazlehurst III,2019-12-31,2019,Southeast (non-ISO),GA,31.832474,-82.602141,4.7210342466,PV,c-Si,55.3,40.0,1.3824999999999998,Tracking,Single Axis,Tracking,180,,,,,,,27.39,30.95,40.21,31.23,Public Utilities,29.592961672573338,,,,,,,,,,,,,0.270300489526411,0.265610730593607,0.268635844748858,0.238769977168949,0.2340220856102,,,,,
63187,Tallahassee Solar 2 (FL Solar 4),2019-12-31,2019,Southeast (non-ISO),FL,30.379461,-84.357401,4.7657527397,PV,Thin-Film,55.0,42.0,1.3095238095238095,Fixed Tilt,Fixed Tilt,25,180,,,,,,,,,63.15,47.53,Public Utilities,44.282479562550456,,,,,,,,,,,,,0.199269234105299,0.168234942378778,0.199817895194607,0.190264187866927,0.175806661462399,,,,,
60024,Waipio Solar (Waiwa PV),2019-09-30,2019,HI,HI,21.455271,-157.98106,5.1272296804,PV,Thin-Film,59.9,45.9,1.3050108932461875,Tracking,Single Axis,Tracking,180,,,,,,,172.05,,94.43,67.09,Investor-owned Utility,96.9221211191628,,,,,,,,,,,,,0.197767479790944,0.197451278837257,0.230369773480168,0.216104097651237,0.231218575266577,,,,,
60125,Kawailoa Solar,2019-09-19,2019,HI,HI,21.619631,-158.050631,5.3295664384,PV,Thin-Film,62.7,48.75,1.2861538461538462,Tracking,Single Axis,Tracking,180,Wind+PV,,,,,,172.8,,142.05,100.35,Investor-owned Utility,102.04772093309057,,,,,,,,,,,,,0.183290119326419,0.182168483831888,0.178771782685677,0.168172345158646,0.132894306664798,,,,,
63579,Britton Solar Energy Center,2019-12-31,2019,West (non-ISO),NM,35.01631,-106.09843,5.4387541096,PV,c-Si,67.7,50.0,1.354,Tracking,Single Axis,Tracking,180,,,,,,,11.95,17.25,35.89,27.2,Monopoly Investor-owned Utility,26.657143615442646,,,,,,,,,,,,,0.320248178506375,0.322949771689497,0.315408675799086,0.32129908675799,0.32120446265938,,,,,
62163,SR Meridian III,2019-12-31,2019,Southeast (non-ISO),MS,32.449921,-88.553431,4.6158673516,PV,c-Si,75.0,52.5,1.4285714285714286,Tracking,Single Axis,Tracking,180,,,,,,,27.6,35.53,38.66,29.99,Monopoly Investor-owned Utility,40.08184549296104,,,,,,,,,,,,,0.269905867811605,0.259367253750815,0.278351815612089,0.269317242878886,0.259981351374794,,,,,
61790,Shaw Creek Solar,2019-10-31,2019,Southeast (non-ISO),SC,33.675681,-81.747961,4.5760796804,PV,c-Si,108.6,74.9,1.4499332443257675,Tracking,Single Axis,Tracking,180,,,,,,,29.93,15.18,51.12,38.43,Monopoly Investor-owned Utility,34.00823718474108,,,,,,,,,,,,,0.252036108861602,0.258463339246849,0.263785503959617,0.260578793033024,0.25138101561037,,,,,
60491,Springbok 3 Solar Farm,2019-07-30,2019,West (non-ISO),CA,35.270781,-118.00432,5.8451440639,PV,c-Si,121.0,90.0,1.3444444444444446,Tracking,Single Axis,Tracking,179,PV+Storage,Lithium-Ion,AC,2019.0,1.5,1.5,9.28,16.23,81.17,57.14,Public Utilities,44.22497687029518,,,,,,,,,,,,,0.306781268973891,0.30281202435312,0.297073820395738,0.296709791983764,0.312025652701882,,,,,
61611,Techren Solar I,2019-03-31,2019,West (non-ISO),NV,35.851301,-114.974432,5.4780166667,PV,c-Si,132.0,100.0,1.32,Tracking,Single Axis,Tracking,180,,,,,,,10.55,11.14,56.27,41.77,Corporate,37.61034961023889,,,,,,,,,,,,,0.286107695810564,0.269611872146118,0.246002283105022,0.220923515981735,0.227130009107468,,,,,
62004,San Pablo Raceway,2019-08-31,2019,CAISO,CA,34.72276,-118.280834,5.8113525114,PV,c-Si,132.0,100.0,1.32,Tracking,Single Axis,Tracking,180,,,,,,,10.21,7.57,40.68,30.63,Public Utilities,32.59673426211887,,,,,,,,,,,,,0.315141165755919,0.340852739726027,0.291639269406392,0.2695,0.292199453551912,CAISO,47.062378042568895,,-14.465643780450023,
59826,Sunshine Valley Solar,2019-12-31,2019,CAISO,NV,36.516211,-116.505851,5.6937305936,PV,Thin-Film,126.0,100.0,1.26,Tracking,Single Axis,Tracking,180,,,,,,,3.98,7.87,52.45,38.5,Investor-owned Utility,42.1586331158381,,,,,,,,,,,,,0.217260928961748,0.245779680365296,0.266714611872146,0.247140410958904,0.296294398907103,CAISO,47.062378042568895,,-4.903744926730795,
62367,SR Arlington II (Bancroft Station Solar Farm),2019-11-30,2019,Southeast (non-ISO),GA,31.415531,-84.83071,4.7440646119,PV,c-Si,139.7,102.5,1.3629268292682926,Tracking,Single Axis,Tracking,180,,,,,,,27.76,35.06,40.1,31.18,Corporate,24.38382237613063,,,,,,,,,,,,,0.245316340130614,0.245990644837955,0.242775364739948,0.231162712996992,0.24695010884535,,,,,
62375,Dougherty County Solar,2019-12-31,2019,Southeast (non-ISO),GA,31.514781,-84.040181,4.7382726027,PV,c-Si,174.0,120.0,1.45,Tracking,Single Axis,Tracking,180,,,,,,,27.59,34.02,47.06,35.75,Monopoly Investor-owned Utility,28.715342485878033,,,,,,,,,,,,,0.262097753491196,0.261078767123287,0.274275114155251,0.256628614916286,0.249607240437158,,,,,
62584,Quitman Solar,2019-12-31,2019,Southeast (non-ISO),GA,30.849005,-83.643281,4.7777869863,PV,c-Si,225.0,150.0,1.5,Tracking,Single Axis,Tracking,180,,,,,,,27.23,31.04,45.48,34.84,Monopoly Investor-owned Utility,28.863807922968775,,,,,,,,,,,,,0.269054341226472,0.254971841704718,0.268324200913242,0.262604261796042,0.250824225865209,,,,,
61930,Techren Solar II,2019-10-31,2019,West (non-ISO),NV,35.867258,-114.956432,5.4780166667,PV,c-Si,249.9,200.0,1.2495,Tracking,Single Axis,Tracking,180,,,,,,,10.54,11.1,34.29,26.09,Investor-owned Utility,34.46785496790059,,,,,,,,,,,,,0.300272654826958,0.316816780821917,0.319200342465753,0.305897260273972,0.286445810564663,,,,,
59525,Wright Solar Park,2019-12-31,2019,CAISO,CA,37.009444,-120.957215,5.2236315068,PV,c-Si,237.3,200.0,1.1865,Tracking,Single Axis,Tracking,180,,,,,,,9.66,12.12,42.68,32.3,Public Utilities,31.77765679466312,,,,,,,,,,,,,0.277529599271402,0.286889840182648,0.274689497716894,0.264095319634703,0.192324112021857,CAISO,47.062378042568895,,-15.284721247905775,
62988,Wildflower Solar 1,2020-12-31,2020,West (non-ISO),CA,38.704321,-121.479151,5.0360139269,PV,c-Si,16.5,13.695,1.2048192771084336,Tracking,Single Axis,Tracking,180,,,,,,,26.73,33.79,59.12,42.7,Public Utilities,38.5870379224584,,,,,,,,,,,,,,0.268247277836318,0.27698454513523,0.242747661463621,0.2319594656154,,,,,
63768,Elk Hill Solar 2 (aka Upton),2020-12-31,2020,PJM,PA,39.799589,-77.81156,3.9869680365,PV,c-Si,17.5,15.0,1.1666666666666667,Tracking,Single Axis,Tracking,180,,,,,,,38.15,2.86,50.44,37.66,Public Utilities,25.604158420416468,,,,,,,,,,,,,,0.208158295281582,0.213044140030441,0.210867579908675,0.194224347298117,PJM,67.26257488116934,69.4054084837035,-41.658416460752875,-43.80125006328703
63592,Nutmeg Solar,2020-12-31,2020,ISO-NE,CT,41.974794,-72.510831,3.8354856164,PV,c-Si,31.6,19.6,1.6122448979591837,Fixed Tilt,Fixed Tilt,25,180,,,,,,,31.49,3.28,88.42,64.37,Unknown,88.50809248180482,,,,,,,,,,,,,,0.204576693691175,0.223156043239213,0.194378436306029,0.199736998624586,ISO-NE,101.1798073345134,,-12.671714852708575,
63814,SR Odom,2020-11-30,2020,Southeast (non-ISO),GA,31.071431,-83.595791,4.7769641553,PV,Thin-Film,30.0,20.0,1.5,Tracking,Single Axis,Tracking,180,,,,,,,27.51,30.53,,,Corporate,22.980164466937637,,,,,,,,,,,,,,0.269857305936073,0.289172374429223,0.270296803652968,0.254673269581056,,,,,
62463,Little Bear Solar 3,2020-12-31,2020,CAISO,CA,36.716151,-120.400761,5.2840073059,PV,Thin-Film,27.5,20.0,1.375,Tracking,Single Axis,Tracking,180,,,,,,,-54.16,16.37,74.22,53.57,Public Utilities,39.1100243939857,,,,,,,,,,,,,,0.30556506849315,0.265736301369863,,0.149356785063752,CAISO,47.062378042568895,,-7.952353648583198,
61932,Techren Solar IV,2020-10-31,2020,West (non-ISO),NV,35.898051,-114.929441,5.4780166667,PV,c-Si,32.7,25.0,1.308,Tracking,Single Axis,Tracking,180,,,,,,,10.65,11.57,46.72,34.46,Investor-owned Utility,29.31626633636788,,,,,,,,,,,,,,0.306853881278538,0.294173515981735,0.269488584474885,0.262459016393442,,,,,
61931,Techren Solar III,2020-10-31,2020,West (non-ISO),NV,35.845791,-114.969261,5.4780166667,PV,c-Si,32.7,25.0,1.308,Tracking,Single Axis,Tracking,180,,,,,,,10.58,10.85,47.21,34.74,Investor-owned Utility,29.31626633636788,,,,,,,,,,,,,,0.309566210045662,0.306447488584474,0.253045662100456,0.274904371584699,,,,,
64211,SR Appling Solar Farm (Baxley),2020-12-31,2020,Southeast (non-ISO),GA,31.878321,-82.332211,4.7269616438,PV,c-Si,37.0,25.0,1.48,Tracking,Single Axis,Tracking,180,,,,,,,27.45,32.27,53.9,39.91,Corporate,22.956103036075074,,,,,,,,,,,,,,0.277356164383561,0.275255707762557,0.258036529680365,0.249931693989071,,,,,
63349,"Salome Solar (OE_AZ1, AZ Solar 1)",2020-01-31,2020,West (non-ISO),AZ,33.771211,-113.654511,5.8105712329,PV,Thin-Film,42.0,32.5,1.2923076923076924,Tracking,Single Axis,Tracking,180,,,,,,,13.06,26.33,37.26,27.95,Public Utilities,23.008213364236422,,,,,,,,,,,,,,0.308299964875307,0.274446786090621,0.287597471022128,0.303047498949138,,,,,
59870,Little Bear Solar 1,2020-12-31,2020,CAISO,CA,36.716181,-120.414361,5.2840073059,PV,Thin-Film,53.6,40.0,1.34,Tracking,Single Axis,Tracking,180,,,,,,,-56.0,10.45,63.16,46.16,Public Utilities,39.1100243939857,,,,,,,,,,,,,,0.265790525114155,0.233210616438356,0.201275684931506,0.233959471766848,CAISO,47.062378042568895,,-7.952353648583198,
63667,Sanford Solar,2020-11-30,2020,ISO-NE,ME,43.387116,-70.710186,3.8326310502,PV,c-Si,70.8,49.4,1.4331983805668016,Tracking,Single Axis,Tracking,180,,,,,,,32.64,3.1,81.47,58.98,Public Utilities,72.67208349054658,,,,,,,,,,,,,,0.202364446416357,0.223374558630506,0.196693657219973,0.209317363922627,ISO-NE,101.1798073345134,,-28.507723843966815,
61646,LA3 West Baton Rouge Solar Facility,2020-09-30,2020,MISO,LA,30.465991,-91.324001,4.6533942922,PV,c-Si,74.5,50.0,1.49,Tracking,Single Axis,Tracking,180,,,,,,,26.31,3.17,58.03,42.57,Monopoly Investor-owned Utility,38.541924548880395,,,,,,,,,,,,,,0.254349315068493,0.284141552511415,0.269465753424657,0.255305100182149,MISO,55.100109118383095,58.15267132192334,-16.5581845695027,-19.610746773042948
62465,Little Bear Solar 5,2020-12-31,2020,CAISO,CA,36.708961,-120.396511,5.2717757991,PV,Thin-Film,68.9,50.0,1.3780000000000001,Tracking,Single Axis,Tracking,180,,,,,,,-54.12,9.23,61.93,44.98,Public Utilities,39.11002439398568,,,,,,,,,,,,,,0.245319634703196,0.221009132420091,0.256890410958904,0.264870218579235,CAISO,47.062378042568895,,-7.9523536485832125,
62440,Techren Solar V,2020-12-31,2020,West (non-ISO),NV,35.899694,-114.926301,5.4780166667,PV,c-Si,65.4,50.0,1.308,Tracking,Single Axis,Tracking,180,,,,,,,10.66,11.73,38.09,28.7,Investor-owned Utility,25.63036807782849,,,,,,,,,,,,,,0.312125570776255,0.306961187214611,0.276767123287671,0.266220400728597,,,,,
62422,Assembly Solar I,2020-12-31,2020,MISO,MI,43.062786,-83.944944,3.777293379,PV,c-Si,72.3,50.0,1.446,Tracking,Single Axis,Tracking,180,,,,,,,31.29,2.43,53.36,39.99,Unknown,45.96876104191832,,,,,,,,,,,,,,0.23243607305936,0.231639269406392,0.228344748858447,0.232980418943533,MISO,55.100109118383095,58.15267132192334,-9.131348076464775,-12.183910280005023
62464,Little Bear Solar 4,2020-12-31,2020,CAISO,CA,36.708751,-120.414281,5.2840073059,PV,Thin-Film,65.3,50.0,1.306,Tracking,Single Axis,Tracking,180,,,,,,,-56.1,23.82,100.63,73.05,Public Utilities,39.11002439398568,,,,,,,,,,,,,,0.226796803652968,0.243134703196347,0.13774200913242,0.102247267759562,CAISO,47.062378042568895,,-7.9523536485832125,
63860,Encino Solar Energy Center,2020-07-30,2020,West (non-ISO),NM,35.356091,-106.856801,5.5539020548,PV,c-Si,66.7,55.0,1.2127272727272729,Tracking,Single Axis,Tracking,180,,,,,,,11.62,18.91,33.42,25.2,Corporate,26.657143615442646,,,,,,,,,,,,,,0.299775840597758,0.297222914072229,0.293181818181818,0.294806673290279,,,,,
63350,Tanglewood Solar (OE_GA3),2020-06-30,2020,Southeast (non-ISO),GA,31.194581,-84.136181,4.7725954338,PV,Thin-Film,77.0,57.5,1.3391304347826087,Tracking,Single Axis,Tracking,180,,,,,,,27.65,31.6,46.48,34.99,Monopoly Investor-owned Utility,25.06483169099714,,,,,,,,,,,,,,0.238822711931705,0.263152670240222,0.230653166567401,0.232175100974103,,,,,
62469,Cove Mountain Solar,2020-11-30,2020,West (non-ISO),UT,37.629191,-113.626791,5.4006244292,PV,Thin-Film,74.2,58.0,1.2793103448275862,Tracking,Single Axis,Tracking,180,,,,,,,14.36,15.17,38.27,28.41,Corporate,20.708377018386013,,,,,,,,,,,,,,0.313222327192568,0.318001102188631,0.310895921902062,0.302943046919163,,,,,
62495,Palmer Solar,2020-04-30,2020,West (non-ISO),CO,38.632872,-104.661575,5.0011926941,PV,c-Si,81.5,60.0,1.3583333333333334,Tracking,Single Axis,Tracking,180,,,,,,,13.8,30.86,48.56,35.7,Public Utilities,26.3230989818166,,,,,,,,,,,,,,0.289434931506849,0.288953576864535,0.278656773211567,0.280809805707346,,,,,
62058,SR Terrell,2020-09-30,2020,Southeast (non-ISO),GA,31.866531,-84.357521,4.7218426941,PV,Thin-Film,105.0,74.0,1.4189189189189189,Tracking,Single Axis,Tracking,180,,,,,,,27.93,32.38,48.77,36.27,Public Utilities,28.805739843274015,,,,,,,,,,,,,,0.272593483894853,0.276184746390225,0.264523941749969,0.258556712450155,,,,,
63582,Harmony Solar,2020-06-30,2020,Southeast (non-ISO),FL,28.164561,-81.102791,4.9066406393,PV,c-Si,115.5,74.5,1.5503355704697988,Tracking,Single Axis,Tracking,180,,,,,,,,,40.0,30.87,Public Utilities,31.83078841272214,,,,,,,,,,,,,,0.282266862799178,0.276796604455885,0.270986178787043,0.257269165413625,,,,,
63583,Taylor Creek Solar,2020-06-30,2020,Southeast (non-ISO),FL,28.509241,-81.041121,4.868030137,PV,c-Si,115.5,74.5,1.5503355704697988,Tracking,Single Axis,Tracking,180,,,,,,,,,41.54,31.92,Public Utilities,31.83078841272214,,,,,,,,,,,,,,0.281790322086359,0.27724403174895,0.269651558334099,0.252480104155205,,,,,
62177,"Desert Harvest, LLC",2020-12-31,2020,CAISO,CA,33.7981,-115.386736,5.8553680365,PV,Thin-Film,114.0,80.0,1.425,Tracking,Single Axis,Tracking,180,,,,,,,6.75,7.89,51.14,37.47,Public Utilities,36.64886725248774,,,,,,,,,,,,,,0.35056506849315,0.315410958904109,0.272649828767123,0.280658014571949,CAISO,47.062378042568895,,-10.413510790081155,
62165,SR Snipesville I,2020-12-31,2020,Southeast (non-ISO),GA,31.705476,-82.741282,4.7406657534,PV,Thin-Film,122.8,86.0,1.427906976744186,Tracking,Single Axis,Tracking,180,,,,,,,27.44,29.58,50.86,37.94,Public Utilities,28.805739843274004,,,,,,,,,,,,,,0.280122385048316,0.286071731974089,0.235020441754274,0.238362826703943,,,,,
62812,Milford Solar 1,2020-11-30,2020,West (non-ISO),UT,38.490667,-113.0183,5.234730137,PV,Thin-Film,127.8,99.0,1.2909090909090908,Tracking,Single Axis,Tracking,180,,,,,,,15.66,15.04,41.04,30.4,Investor-owned Utility,22.354757303077573,,,,,,,,,,,,,,0.308734606337346,0.298031686730316,0.299651768829851,0.29155627311365,,,,,
63295,Chicot Solar,2020-09-30,2020,MISO,AR,33.477318,-91.356046,4.5752641553,PV,c-Si,140.0,100.0,1.4,Tracking,Single Axis,Tracking,180,,,,,,,24.52,2.69,44.63,33.78,Monopoly Investor-owned Utility,30.475161245486337,,,,,,,,,,,,,,0.261551369863013,0.276622146118721,0.234078767123287,0.243148907103825,MISO,55.100109118383095,58.15267132192334,-24.624947872896758,-27.677510076437006
64104,Maverick Solar 4 (Palen Solar),2020-12-31,2020,CAISO,CA,33.699709,-115.221825,5.8773703196,PV,c-Si,135.9,100.0,1.359,Tracking,Single Axis,Tracking,180,,,,,,,6.64,8.18,39.15,29.23,Corporate,29.31143426905312,,,,,,,,,,,,,,0.341245433789954,0.359947488584474,0.314934931506849,0.27039048269581,CAISO,47.062378042568895,,-17.750943773515775,
62899,East Line Solar,2020-12-31,2020,West (non-ISO),AZ,32.847031,-111.565101,5.7683394977,PV,Thin-Film,121.4,100.0,1.214,Tracking,Single Axis,Tracking,180,,,,,,,11.48,26.56,33.99,25.82,Corporate,20.999923527133475,,,,,,,,,,,,,,0.311283105022831,0.236703196347032,0.289641552511415,0.272202868852459,,,,,
62470,Cove Mountain Solar 2,2020-10-31,2020,West (non-ISO),UT,37.638602,-113.637101,5.4006244292,PV,Thin-Film,156.3,122.0,1.2811475409836066,Tracking,Single Axis,Tracking,180,,,,,,,14.37,15.51,45.55,33.29,Corporate,24.472756940154728,,,,,,,,,,,,,,0.310055019088255,0.309984841679766,0.308640242533123,0.288640486428379,,,,,
62178,Maverick Solar (Palen 1 Solar),2020-12-31,2020,CAISO,CA,33.699709,-115.221825,5.8773703196,PV,c-Si,173.4,125.0,1.3872,Tracking,Single Axis,Tracking,180,,,,,,,6.7,6.47,39.05,29.31,Investor-owned Utility,30.880624508154224,,,,,,,,,,,,,,0.303907762557077,0.245719634703196,0.271095890410958,0.341909836065573,CAISO,47.062378042568895,,-16.18175353441467,
60777,American Kings Solar,2020-12-31,2020,CAISO,CA,36.241821,-119.897151,5.3183070776,PV,Thin-Film,172.3,128.0,1.34609375,Tracking,Single Axis,Tracking,180,PV+Storage,,,,,500.0,4.5,8.48,48.16,35.63,Investor-owned Utility,34.004206204379024,,,,,,,,,,,,,,0.276763163527397,0.249501462614155,0.240808718607305,0.288113508936703,CAISO,47.062378042568895,,-13.058171838189871,
60094,NextEra Blythe Solar III,2020-05-31,2020,CAISO,CA,33.660565,-114.736247,5.7975968037,PV,c-Si,154.0,137.4,1.1208151382823872,Tracking,Single Axis,Tracking,181,PV+Storage,LIB,AC,2021.0,115.0,538.6,10.68,7.41,38.03,28.16,Investor-owned Utility,47.20394783749757,,,,,,,,,,,,,,0.274611805388661,0.269221975219632,0.256835191056343,0.298411263830227,CAISO,47.062378042568895,,0.14156979492867805,
60095,NextEra Blythe Solar IV,2020-11-30,2020,CAISO,CA,33.660171,-114.736191,5.7975968037,PV,c-Si,154.0,137.4,1.1208151382823872,Tracking,Single Axis,Tracking,181,PV+Storage,LIB,AC,2022.0,47.0,47.0,10.67,8.69,35.33,26.53,Public Utilities,28.70271038499922,,,,,,,,,,,,,,0.310788086644998,0.296262786385116,0.252683562308495,0.254589030472236,CAISO,47.062378042568895,,-18.359667657569673,
62015,Mustang Two,2020-11-30,2020,CAISO,CA,36.213531,-119.892171,5.3183070776,PV,c-Si,210.0,150.0,1.4,Tracking,Single Axis,Tracking,179,,,,,,,4.62,8.38,46.0,34.05,Public Utilities,29.972974172925262,,,,,,,,,,,,,,0.299951293759512,0.273311263318112,0.290261796042618,0.291539921068609,CAISO,47.062378042568895,,-17.089403869643633,
60827,Sun Streams 1,2020-01-31,2020,CAISO,AZ,33.348841,-112.834801,5.8517682648,PV,Thin-Film,199.2,158.0,1.260759493670886,Tracking,Single Axis,Tracking,180,,,,,,,9.69,7.54,45.51,33.36,Corporate,46.38711577830212,,,,,,,,,,,,,,0.292704052511415,0.290356021689497,0.275010837523842,0.293993970625533,CAISO,47.062378042568895,,-0.6752622642667774,
63859,Golden Field Solar III (Rosamond Central),2020-12-31,2020,CAISO,CA,34.841251,-118.383441,5.7757949772,PV,c-Si,240.0,192.0,1.25,Tracking,Single Axis,Tracking,180,,LIB,AC,2024.0,147.0,147.0,9.64,6.84,34.67,25.82,Public Utilities,26.087334549809114,,,,,,,,,,,,,,0.343314188546423,0.347842941400304,0.306846936834094,0.322825354811779,CAISO,47.062378042568895,,-20.97504349275978,
61696,Twiggs County Solar (GA Solar 4),2020-09-30,2020,Southeast (non-ISO),GA,32.595891,-83.497301,4.6755757991,PV,Thin-Film,261.0,204.0,1.2794117647058822,Tracking,Single Axis,Tracking,180,,,,,,,27.96,29.93,47.31,35.46,Monopoly Investor-owned Utility,26.311985793984864,,,,,,,,,,,,,,0.248609432357417,0.23732149252395,0.211634882263407,0.237985620022143,,,,,
62674,Antelope Expansion 3B,2021-06-30,2021,CAISO,CA,34.720162,-118.322501,5.781177169,PV,c-Si,6.3,5.001,1.2597480503899219,Tracking,Single Axis,Tracking,180,,,,,,,10.48,8.85,,,Public Utilities,32.14946571580578,,,,,,,,,,,,,,,,0.260221928217096,0.249881717645541,CAISO,47.062378042568895,,-14.912912326763113,
65230,Truman Solar,2021-06-30,2021,MISO,MO,38.956491,-92.243831,4.2368326484,PV,c-Si,14.0,10.0,1.4,Tracking,Single Axis,Tracking,180,,,,,,,29.46,14.63,54.93,40.28,Unknown,36.89716418746074,,,,,,,,,,,,,,,0.265901826484018,0.259657534246575,0.257695810564663,MISO,55.100109118383095,58.15267132192334,-18.202944930922357,-21.255507134462604
62673,Antelope Expansion 3A,2021-06-30,2021,CAISO,CA,34.725781,-118.322131,5.781177169,PV,c-Si,19.0,15.0,1.2666666666666666,Tracking,Single Axis,Tracking,180,,,,,,,10.49,9.19,,,Public Utilities,32.14946571580579,,,,,,,,,,,,,,,0.351301369863013,0.264345509893455,0.240604128718882,CAISO,47.062378042568895,,-14.912912326763106,
62436,SR Arlington I,2021-12-31,2021,Southeast (non-ISO),GA,31.402919,-84.83681,4.7440646119,PV,Thin-Film,29.0,20.0,1.45,Tracking,Single Axis,Tracking,180,,,,,,,27.88,32.23,66.83,48.25,Public Utilities,23.63127785699492,,,,,,,,,,,,,,,0.278989726027397,0.262043378995433,0.247558060109289,,,,,
65122,NY8 - Branscomb Solar,2021-12-31,2021,NYISO,NY,42.963821,-73.592311,3.7622139269,PV,c-Si,27.0,20.0,1.35,Tracking,Single Axis,Tracking,180,,,,,,,34.12,8.73,47.48,36.87,Investor-owned Utility,66.96314968477253,,,,,,,,,,,,,,,0.18787100456621,0.189531963470319,0.181062158469945,NYISO,,,,
63722,Rawhide Prairie Solar Hybrid,2021-03-31,2021,West (non-ISO),CO,40.848051,-105.015298,4.4396744292,PV,c-Si,29.0,22.0,1.3181818181818181,Tracking,Single Axis,Tracking,180,PV+Storage,Lithium-Ion,AC,2021.0,1.0,2.0,16.16,27.74,49.55,36.83,Public Utilities,26.54253071854691,,,,,,,,,,,,,,,0.257492735574927,0.246201743462017,0.226289534691174,,,,,
63940,Central 40,2021-02-28,2021,CAISO,CA,37.248531,-121.113311,5.191926484,PV,c-Si,50.5,40.0,1.2625,Tracking,Single Axis,Tracking,180,,,,,,,24.05,12.54,108.77,76.13,Public Utilities,28.833516875141775,,,,,,,,,,,,,,,0.25107305936073,0.199848744292237,0.195010815118397,CAISO,47.062378042568895,,-18.22886116742712,
63049,Prineville Solar Energy,2021-02-28,2021,West (non-ISO),OR,44.271341,-120.875411,4.4640358447,PV,c-Si,60.06,46.2,1.3,Tracking,Single Axis,Tracking,180,,,,,,,25.66,19.15,29.96,24.12,Corporate,21.357130273464946,,,,,,,,,,,,,,,0.242251279922512,0.229659609796596,0.220912777265236,,,,,
64387,Quinebaug Solar,2021-12-31,2021,ISO-NE,CT,41.749867,-71.93248,3.865639726,PV,c-Si,63.4,49.4,1.2834008097165992,Fixed Tilt,Fixed Tilt,18,180,,,,,,,30.57,3.05,83.62,60.37,Investor-owned Utility,73.27361177668898,,,,,,,,,,,,,,,0.195087626864843,0.176196550385447,0.183230182960554,ISO-NE,101.1798073345134,,-27.906195557824418,
62951,Hawtree Solar,2021-10-31,2021,PJM,NC,36.529851,-78.109701,4.4020910959,PV,c-Si,88.5,65.0,1.3615384615384616,Tracking,Single Axis,Tracking,180,,,,,,,28.12,5.03,64.01,47.29,Corporate,27.351202746391046,,,,,,,,,,,,,,,0.24618018967334,0.181164383561643,0.195754518705338,PJM,67.26257488116934,69.4054084837035,-39.9113721347783,-42.05420573731245
64151,SR Perry,2021-12-31,2021,Southeast (non-ISO),GA,32.383569,-83.760703,4.6806762557,PV,Thin-Film,98.0,68.0,1.4411764705882353,Tracking,Single Axis,Tracking,180,,,,,,,28.03,30.18,65.84,47.52,Public Utilities,26.875998522439883,,,,,,,,,,,,,,,0.283442452323395,0.263503894708568,0.250847128468873,,,,,
65323,Bedford Solar,2021-11-30,2021,PJM,VA,36.696471,-76.160361,4.3643353881,PV,c-Si,78.5,70.0,1.1214285714285714,Tracking,Single Axis,Tracking,181,,,,,,,30.8,3.7,60.42,44.39,Other,33.764069596394826,,,,,,,,,,,,,,,0.188590998043052,0.169577625570776,0.195626788966952,PJM,67.26257488116934,69.4054084837035,-33.49850528477452,-35.64133888730867
63050,Millican Solar Energy,2021-03-31,2021,West (non-ISO),OR,44.253511,-120.882481,4.4640358447,PV,c-Si,76.8,71.4,1.0756302521008403,Tracking,Single Axis,Tracking,180,,,,,,,25.57,16.42,26.96,21.47,Corporate,21.357130273464946,,,,,,,,,,,,,,,0.226455879155315,0.222164664952739,0.221734641033098,,,,,
64337,Farmington Solar,2021-10-31,2021,ISO-NE,ME,44.652261,-70.096681,3.65046621,PV,c-Si,115.7,77.0,1.5025974025974027,Fixed Tilt,Fixed Tilt,18,180,,,,,,,29.84,2.9,80.4,58.99,Investor-owned Utility,78.10292950187304,,,,,,,,,,,,,,,0.198475953270473,0.180475004447607,0.191576183379462,ISO-NE,101.1798073345134,,-23.076877832640363,
63549,Water Strider Solar,2021-03-31,2021,PJM,VA,37.016375,-79.027061,4.3337593607,PV,c-Si,108.2,80.0,1.3525,Tracking,Single Axis,Tracking,180,,,,,,,29.19,3.72,52.9,38.91,Monopoly Investor-owned Utility,33.02793948459811,,,,,,,,,,,,,,,0.255263984018264,0.262775399543379,0.246153517759562,PJM,67.26257488116934,69.4054084837035,-34.234635396571235,-36.37746899910539
62666,Sigurd Solar,2021-05-31,2021,West (non-ISO),UT,38.839873,-112.00832,4.9432621005,PV,c-Si,112.0,80.0,1.4,Tracking,Single Axis,Tracking,180,,,,,,,17.08,13.71,36.72,27.95,Corporate,23.170950039752835,,,,,,,,,,,,,,,0.290910388127853,0.28423801369863,0.283649248633879,,,,,
61991,Pioneer Solar (CO),2021-06-30,2021,West (non-ISO),CO,39.761761,-104.461121,4.8457230594,PV,Thin-Film,110.0,80.0,1.375,Tracking,Single Axis,Tracking,180,,,,,,,15.75,25.07,63.57,45.63,Public Utilities,22.750766733084085,,,,,,,,,,,,,,,0.291593892694063,0.256810787671232,0.281302652550091,,,,,
63061,Clover Creek Solar,2021-12-31,2021,West (non-ISO),UT,39.842359,-111.888184,4.7487038813,PV,Thin-Film,107.0,80.0,1.3375,Tracking,Single Axis,Tracking,180,,,,,,,18.53,19.91,31.96,24.65,Public Utilities,24.370726050717852,,,,,,,,,,,,,,,0.295363869863013,0.279356449771689,0.284104622040072,,,,,
64150,SR Lancaster Solar GA,2021-12-31,2021,Southeast (non-ISO),GA,31.485377,-84.731927,4.761346347,PV,Thin-Film,114.0,80.0,1.425,Tracking,Single Axis,Tracking,180,,,,,,,27.85,34.77,65.14,47.04,Public Utilities,21.416940391097146,,,,,,,,,,,,,,,0.275960331050228,0.264243721461187,0.250786942167577,,,,,
62730,Desper Solar (Belcher Solar),2021-06-30,2021,PJM,VA,38.007291,-78.046941,4.244943379,PV,c-Si,122.4,88.2,1.3877551020408163,Tracking,Single Axis,Tracking,180,,,,,,,35.1,5.86,78.92,58.07,Unknown,34.64959384460216,,,,,,,,,,,,,,,0.223508733782706,0.167641257416208,0.15287535779339,PJM,67.26257488116934,69.4054084837035,-32.612981036567184,-34.75581463910134
62420,Prairie State Solar Project,2021-07-30,2021,MISO,IL,38.197123,-89.565716,4.2194155251,PV,c-Si,132.3,99.0,1.3363636363636364,Tracking,Single Axis,Tracking,180,,,,,,,28.22,2.57,38.86,29.4,Public Utilities,30.95350390666291,,,,,,,,,,,,,,,0.268039988930399,0.270098242700982,0.269201578627808,MISO,55.100109118383095,58.15267132192334,-24.146605211720185,-27.199167415260433
64224,Dressor Plains Solar,2021-09-30,2021,MISO,IL,39.167531,-89.049171,4.1529317352,PV,c-Si,135.4,99.0,1.3676767676767678,Tracking,Single Axis,Tracking,182,,,,,,,28.47,2.62,39.1,29.7,Public Utilities,30.736669848321807,,,,,,,,,,,,,,,0.269702735113694,0.269409851944098,0.260674826590127,MISO,55.100109118383095,58.15267132192334,-24.36343927006129,-27.416001473601536
64105,Maverick Solar 6,2021-11-30,2021,CAISO,CA,33.699095,-115.222264,5.8773703196,PV,c-Si,131.0,100.0,1.31,Tracking,Single Axis,Tracking,180,PV+Storage,LIB,AC,2022.0,50.0,200.0,6.52,7.48,33.47,25.22,Public Utilities,24.066846387494124,,,,,,,,,,,,,,,0.35009703196347,0.318408675799086,0.295629553734061,CAISO,47.062378042568895,,-22.99553165507477,
64624,Hudson - High Desert Hybrid,2021-12-31,2021,CAISO,CA,34.636501,-117.372401,5.922493379,PV,c-Si,130.4,100.0,1.304,Tracking,Single Axis,Tracking,180,PV+Storage,LIB,AC,2021.0,50.0,200.0,10.91,6.68,,,Public Utilities,22.33975284716121,,,,,,,,,,,,,,,0.328802511415525,0.325481735159817,0.330745673952641,CAISO,47.062378042568895,,-24.722625195407684,
63476,Saint Solar,2021-01-31,2021,West (non-ISO),AZ,32.866276,-111.502401,5.7683394977,PV,Thin-Film,134.0,100.0,1.34,Tracking,Single Axis,Tracking,180,,,,,,,11.17,26.05,35.21,26.49,Unknown,22.706328093037744,,,,,,,,,,,,,,,0.338425799086758,0.300542237442922,0.305415528233151,,,,,
62656,Hunter Solar,2021-03-31,2021,West (non-ISO),UT,39.135201,-111.042531,5.0129417808,PV,c-Si,129.7,100.0,1.297,Tracking,Single Axis,Tracking,180,,,,,,,17.54,16.75,35.29,26.47,Corporate,21.551636247951876,,,,,,,,,,,,,,,0.311429223744292,0.310804794520547,0.304113160291439,,,,,
63080,Harry Allen Solar Energy (MGM Mega Solar Array),2021-05-31,2021,West (non-ISO),NV,36.423751,-114.923861,5.6882353881,PV,c-Si,123.5,100.0,1.235,Tracking,Single Axis,Tracking,180,,,,,,,11.04,9.27,23.4,18.28,Corporate,25.93265985896156,,,,,,,,,,,,,,,0.337900684931506,0.331357305936073,0.32892873406193,,,,,
64431,Point Beach Solar,2021-09-30,2021,MISO,WI,44.273011,-87.554551,3.8029881279,PV,c-Si,141.0,100.0,1.41,Tracking,Single Axis,Tracking,181,,,,,,,27.74,2.41,45.0,34.33,Public Utilities,39.22792725627061,,,,,,,,,,,,,,,0.222537671232876,0.229840182648401,0.23566256830601,MISO,55.100109118383095,58.15267132192334,-15.872181862112484,-18.92474406565273
64191,SR Lumpkin,2021-12-31,2021,Southeast (non-ISO),GA,32.025541,-84.736181,4.6769974886,PV,Thin-Film,140.0,100.0,1.4,Tracking,Single Axis,Tracking,180,,,,,,,27.89,31.08,66.53,47.86,Public Utilities,21.880962197112844,,,,,,,,,,,,,,,0.271433789954337,0.261971461187214,0.25718237704918,,,,,
61098,Battle Mountain Solar Project,2021-05-31,2021,West (non-ISO),NV,40.718433,-117.061401,4.9018413242,PV,c-Si,122.9,101.0,1.2168316831683168,Tracking,Single Axis,Tracking,181,PV+Storage,LIB,DC,2021.0,25.0,100.0,19.4,9.74,38.86,28.57,Investor-owned Utility,22.139844187596363,,,,,,,,,,,,,,,0.30529409105294,0.291466612414666,0.329124510811736,,,,,
65376,SR Snipesville II,2021-12-31,2021,Southeast (non-ISO),GA,31.706851,-82.737611,4.7406657534,PV,Thin-Film,152.0,107.0,1.4205607476635513,Tracking,Single Axis,Tracking,180,,,,,,,27.47,27.24,68.49,49.25,Corporate,21.880962197112833,,,,,,,,,,,,,,,0.274587120727179,0.255307685742329,0.255028258686141,,,,,
63538,Assembly Solar II,2021-12-31,2021,MISO,MI,43.048361,-83.957487,3.777293379,PV,c-Si,161.0,110.0,1.4636363636363636,Tracking,Single Axis,Tracking,180,,,,,,,31.3,2.47,46.43,35.42,Public Utilities,37.82306348503062,,,,,,,,,,,,,,,0.234733291822332,0.229358655043586,0.232067602252028,MISO,55.100109118383095,58.15267132192334,-17.277045633352472,-20.32960783689272
64426,Wilmot Energy Center,2021-04-30,2021,West (non-ISO),AZ,32.035401,-110.890311,5.8176623288,PV,c-Si,135.0,130.0,1.0384615384615385,Tracking,Single Axis,Tracking,180,PV+Storage,LIB,AC,2021.0,30.0,30.0,10.91,19.26,29.91,23.17,Investor-owned Utility,22.986324989206597,,,,,,,,,,,,,,,0.249293993677555,0.238885669125395,0.214733956844612,,,,,
64106,Maverick Solar 7 (aka Palen Solar),2021-12-31,2021,CAISO,CA,33.686355,-115.198646,5.8565682648,PV,c-Si,179.0,132.0,1.356060606060606,Tracking,Single Axis,Tracking,180,,,,,,,6.63,8.52,43.96,32.42,Corporate,24.069058416824124,,,,,,,,,,,,,,,0.350515428255154,0.315997301784973,0.259593027267207,CAISO,47.062378042568895,,-22.99331962574477,
57659,East Blackland Solar Project 1 (Pflugerville Solar),2021-07-30,2021,ERCOT,TX,30.421401,-97.461401,4.7331965753,PV,c-Si,186.0,144.0,1.2916666666666667,Tracking,Single Axis,Tracking,181,,,,,,,24.94,,46.75,35.05,Public Utilities,32.8288063813395,,,,,,,,,,,,,,,0.253790905631659,0.240667808219178,0.214955221615057,ERCOT,39.2439613600786,40.6691340939596,-6.415154978739103,-7.840327712620102
64335,Quitman II Solar,2021-12-31,2021,Southeast (non-ISO),GA,30.86205,-83.65165,4.7777869863,PV,c-Si,210.0,150.0,1.4,Tracking,Single Axis,Tracking,180,,,,,,,27.15,33.97,35.38,27.54,Monopoly Investor-owned Utility,22.41970127885291,,,,,,,,,,,,,,,0.281373668188736,0.263557838660578,0.234870218579235,,,,,
63387,Rancho Seco Solar II,2021-02-28,2021,West (non-ISO),CA,38.3440101,-121.114051,5.0638365297,PV,c-Si,212.8,160.0,1.33,Fixed Tilt,Fixed Tilt,20,211,,,,,,,26.79,27.6,56.67,43.36,Public Utilities,27.969013855189953,,,,,,,,,,,,,,,0.154619720319634,0.122059788812785,0.209754240664845,,,,,
63770,Bighorn Solar 1,2021-11-30,2021,West (non-ISO),CO,38.207518,-104.596701,5.1341100457,PV,Thin-Film,300.0,240.0,1.25,Tracking,Single Axis,Tracking,180,,,,,,,15.6,22.56,33.37,25.48,Investor-owned Utility,16.999114283824966,,,,,,,,,,,,,,,0.27994006849315,0.257644121004566,0.282947688979963,,,,,
63504,Copper Mountain Solar 5,2021-03-31,2021,West (non-ISO),NV,35.776286,-114.9737,5.6636732877,PV,c-Si,332.3,250.0,1.3292,Tracking,Single Axis,Tracking,180,,,,,0.0,0.0,10.29,10.33,34.11,25.79,Investor-owned Utility,23.273990439024136,,,,,,,,,,,,,,,0.306276255707762,0.307222831050228,0.307117030965391,,,,,
62547,Aquamarine (Westland Solar Park),2021-09-30,2021,CAISO,CA,36.185581,-119.892211,5.3060148402,PV,c-Si,325.0,250.0,1.3,Tracking,Single Axis,Tracking,180,,,,,,,4.49,13.04,50.95,37.75,Public Utilities,30.772602765700327,,,,,,,,,,,,,,,0.307130593607305,0.255787214611872,0.187410291438979,CAISO,47.062378042568895,,-16.289775276868568,
66742,Laskin Solar,2022-12-31,2022,MISO,MN,47.524201,-92.181861,3.583627169,PV,c-Si,5.9,5.6,1.0535714285714286,Tracking,Single Axis,Tracking,180,,,,,,,30.37,3.03,82.72,59.07,Investor-owned Utility,62.574888837572345,,,,,,,,,,,,,,,,0.163690476190476,0.164097059588862,MISO,55.100109118383095,58.15267132192334,7.47477971918925,4.4222175156490025
62320,Antelope Expansion 1B,2022-11-30,2022,CAISO,CA,34.71611,-118.2592,5.8113525114,PV,c-Si,22.3,17.0,1.311764705882353,Tracking,Single Axis,Tracking,180,,,,,,,10.23,7.28,46.04,33.36,Public Utilities,34.909138418187574,,,,,,,,,,,,,,,,0.315041633091592,0.303713971927568,CAISO,47.062378042568895,,-12.153239624381321,
65125,NY8 - Puckett Solar,2022-10-31,2022,NYISO,NY,42.252664,-75.83408,3.7033084475,PV,c-Si,27.2,20.0,1.3599999999999999,Fixed Tilt,Fixed Tilt,25,180,,,,,,,32.49,9.25,75.61,55.27,Investor-owned Utility,66.21795132981006,,,,,,,,,,,,,,,,0.178727168949771,0.179058515482695,NYISO,,,,
65124,NY8 - Regan Solar,2022-12-31,2022,NYISO,NY,42.95474,-74.3131,3.7367495434,PV,c-Si,27.0,20.0,1.35,Tracking,Single Axis,Tracking,180,,,,,,,30.52,8.59,87.23,62.85,Investor-owned Utility,67.4620410086355,,,,,,,,,,,,,,,,,0.178221766848816,NYISO,,,,
65679,Calverton Solar Energy Center,2022-08-31,2022,NYISO,NY,40.91367,-72.75036,3.927316895,PV,c-Si,32.7,22.9,1.4279475982532752,Fixed Tilt,Fixed Tilt,24,180,,,,,,,44.06,9.11,93.99,66.6,Investor-owned Utility,122.5044841726773,,,,,,,,,,,,,,,,0.21605750633088,0.217381145552453,NYISO,,,,
64076,"Route 66 Energy Center, LLC",2022-05-31,2022,West (non-ISO),NM,35.09845,-107.613997,5.4798673516,PV,c-Si,74.8,49.5,1.511111111111111,Tracking,Single Axis,Tracking,180,,,,,,,11.98,16.32,37.12,27.75,Corporate,25.047265235627876,,,,,,,,,,,,,,,,0.336707255200405,0.32376819193759,,,,,
62745,Wheatridge Hybrid,2022-03-31,2022,West (non-ISO),OR,45.559651,-119.610691,4.3167474886,PV,c-Si,73.2,50.0,1.464,Tracking,Single Axis,Tracking,180,Wind+PV+Storage,Lithium-Ion,DC,2022.0,30.0,120.0,25.23,6.47,36.36,27.62,Investor-owned Utility,31.8137070548337,,,,,,,,,,,,,,,,0.275778538812785,0.303617941712204,,,,,
65103,Jicarilla Solar 2 (Solar Direct),2022-04-30,2022,West (non-ISO),NM,36.228521,-107.282311,5.374760274,PV,c-Si,62.5,50.0,1.25,Tracking,Single Axis,Tracking,180,,,,,,,11.99,21.6,30.76,23.42,Monopoly Investor-owned Utility,20.360657917302504,,,,,,,,,,,,,,,,0.302616438356164,0.269938524590163,,,,,
63128,Iris Solar LLC,2022-10-31,2022,MISO,LA,30.781461,-90.201421,4.6275922374,PV,Thin-Film,82.5,50.0,1.65,Tracking,Single Axis,Tracking,180,,,,,,,26.74,2.63,65.21,48.18,Investor-owned Utility,47.91541177151697,,,,,,,,,,,,,,,,0.21531506849315,0.241607468123861,MISO,55.100109118383095,58.15267132192334,-7.184697346866123,-10.237259550406371
64909,Luciana,2022-04-30,2022,CAISO,CA,35.817341,-119.063241,5.335983105,PV,c-Si,72.5,55.8,1.299283154121864,Tracking,Single Axis,Tracking,180,,,,,,,12.5,8.66,74.47,52.63,Public Utilities,22.561626802957964,,,,,,,,,,,,,,,,0.260247377293333,0.254966263196035,CAISO,47.062378042568895,,-24.50075123961093,
63813,"Gunsight Solar, LLC",2022-12-31,2022,Southeast (non-ISO),SC,33.761668,-81.070424,4.5938883562,PV,c-Si,105.739,75.0,1.4098533333333334,Tracking,Single Axis,Tracking,180,,,,,,,,,48.23,35.92,Public Utilities,28.26268471087922,,,,,,,,,,,,,,,,0.239184170471841,0.252108378870673,,,,,
64196,Assembly Solar III,2022-01-31,2022,MISO,MI,43.022705,-83.94273,3.777293379,PV,c-Si,114.9,79.0,1.4544303797468354,Tracking,Single Axis,Tracking,180,,,,,,,31.34,2.08,43.8,33.53,Investor-owned Utility,33.29968294220702,,,,,,,,,,,,,,,,0.220599965319923,0.231205759608955,MISO,55.100109118383095,58.15267132192334,-21.800426176176074,-24.852988379716322
64186,Graphite Solar I,2022-06-30,2022,West (non-ISO),UT,39.54844,-110.7121,4.9428611872,PV,c-Si,104.0,80.0,1.3,Tracking,Single Axis,Tracking,180,,,,,,,17.78,15.45,43.95,32.31,Corporate,24.898797808672363,,,,,,,,,,,,,,,,0.281498287671232,0.274832081056466,,,,,
64148,Fish Springs Ranch Solar Energy Center,2022-03-31,2022,West (non-ISO),NV,40.074741,-119.9742,5.0240424658,PV,c-Si,130.0,100.0,1.3,Tracking,Single Axis,Tracking,180,PV+Storage,Lithium-Ion,AC,2022.0,25.0,100.0,21.63,15.55,32.69,24.78,Investor-owned Utility,25.030555919259886,,,,,,,,,,,,,,,,0.290337899543379,0.289957877959927,,,,,
64630,"Rabbitbrush Solar, LLC",2022-10-31,2022,CAISO,CA,34.87537,-118.3546,5.7757949772,PV,Thin-Film,125.1,100.0,1.251,Tracking,Single Axis,Tracking,180,PV+Storage,LIB,AC,2022.0,20.0,50.0,32.97,8.36,20.35,16.57,Public Utilities,23.503244223311995,,,,,,,,,,,,,,,,0.284488584474885,0.292436190801457,CAISO,47.062378042568895,,-23.5591338192569,
64566,Central Line Solar,2022-04-30,2022,West (non-ISO),AZ,32.837271,-111.565821,5.7683394977,PV,c-Si,125.0,100.0,1.25,Tracking,Single Axis,Tracking,180,,,,,,,11.82,24.31,31.25,23.58,Unknown,20.832567785597913,,,,,,,,,,,,,,,,0.30105707762557,0.303394808743169,,,,,
63127,Drew Solar LLC,2022-11-30,2022,CAISO,CA,32.687195,-115.665601,5.6630150685,PV,c-Si,137.7,100.0,1.3769999999999998,Tracking,Single Axis,Tracking,180,,,,,,,11.38,6.26,33.77,25.13,Public Utilities,23.83005392978073,,,,,,,,,,,,,,,,0.335630136986301,0.353524590163934,CAISO,47.062378042568895,,-23.232324112788167,
66125,West Line Solar,2022-12-31,2022,West (non-ISO),AZ,32.83146,-111.59363,5.7683394977,PV,c-Si,125.0,100.0,1.25,Tracking,Single Axis,Tracking,180,,,,,,,12.0,23.7,31.48,23.62,Corporate,19.765165062691878,,,,,,,,,,,,,,,,0.315603881278538,0.311453779599271,,,,,
65778,"Jackpot Solar, LLC",2022-12-31,2022,West (non-ISO),ID,42.200595,-114.629604,4.5690707763,PV,c-Si,155.9,120.0,1.2991666666666668,Tracking,Single Axis,Tracking,180,,,,,,,21.95,19.85,43.6,32.47,Investor-owned Utility,20.97038019640901,,,,,,,,,,,,,,,,0.25531202435312,0.244557339101396,,,,,
64993,"BigBeau Solar, LLC",2022-02-28,2022,CAISO,CA,34.911241,-118.355071,5.8249045662,PV,c-Si,164.3,128.0,1.28359375,Tracking,Single Axis,Tracking,180,PV+Storage,LIB,DC,2022.0,40.0,160.0,32.86,8.29,44.74,33.1,Public Utilities,25.764707172627617,,,,,,,,,,,,,,,,0.219171839326484,0.294981464879326,CAISO,47.062378042568895,,-21.29767086994128,
63509,Lund Hill Solar,2022-10-31,2022,West (non-ISO),WA,45.87187,-120.245176,4.4055954338,PV,c-Si,194.0,150.0,1.2933333333333332,Tracking,Single Axis,Tracking,180,,,,,,,,,44.23,32.99,Investor-owned Utility,36.37157089490604,,,,,,,,,,,,,,,,0.219300608828006,0.268342440801457,,,,,
63913,Dodge Flat,2022-03-31,2022,West (non-ISO),NV,39.643292,-119.331763,5.2053200913,PV,c-Si,260.0,200.0,1.3,Tracking,Single Axis,Tracking,180,PV+Storage,Lithium iron phosphate,AC,2022.0,50.0,200.0,20.91,13.31,29.29,22.37,Investor-owned Utility,22.148198845780357,,,,,,,,,,,,,,,,0.300999429223744,0.312892759562841,,,,,
65032,Sun Mountain Solar 1,2022-12-31,2022,West (non-ISO),CO,38.177821,-104.526591,5.1492267123,PV,Thin-Film,293.0,200.0,1.465,Tracking,Single Axis,Tracking,180,,,,,,,15.68,20.49,38.33,29.32,Investor-owned Utility,18.13046597454214,,,,,,,,,,,,,,,,0.259222602739726,0.262929758652094,,,,,
64856,Calhoun Solar,2022-12-31,2022,MISO,MI,42.33211,-85.04741,3.816246347,PV,c-Si,259.0,200.0,1.295,Tracking,Single Axis,Tracking,180,,,,,,,25.76,2.27,,,Public Utilities,39.48016891413805,,,,,,,,,,,,,,,,0.178003424657534,0.204163740892531,MISO,55.100109118383095,58.15267132192334,-15.619940204245047,-18.672502407785295
63727,Slate Hybrid,2022-04-30,2022,CAISO,CA,36.226955,-119.8948,5.3183070776,PV,c-Si,390.3,300.0,1.301,Tracking,Single Axis,Tracking,180,PV+Storage,Lithium-Ion,AC,2022.0,140.25,561.0,4.4,9.46,49.76,36.26,Public Utilities,23.29911171368812,,,,,,,,,,,,,,,,0.276765981735159,0.258359517304189,CAISO,47.062378042568895,,-23.763266328880775,
66533,BCE Los Alamitos 1,2023-08-31,2023,CAISO,CA,33.787851,-118.065501,5.1802732877,PV,Thin-Film,15.5,10.0,1.55,Tracking,Single Axis,Tracking,180,PV+Storage+Backup Generator,LIB,AC,2023.0,10.0,2.9,13.86,9.76,,,Investor-owned Utility,62.05430632870837,,,,,,,,,,,,,,,,,0.224215163934426,CAISO,47.062378042568895,,14.991928286139476,
66683,Sylvan Solar,2023-07-30,2023,MISO,MN,46.324201,-94.383151,3.7281771689,PV,c-Si,16.85,15.2,1.1085526315789476,Tracking,Single Axis,Tracking,180,,,,,,,31.11,2.97,59.67,44.14,Monopoly Investor-owned Utility,61.91501544348325,,,,,,,,,,,,,,,,,0.186897828587863,MISO,55.100109118383095,58.15267132192334,6.814906325100154,3.762344121559906
61449,RE Gaskell West 5 LLC,2023-05-31,2023,CAISO,CA,34.83494,-118.551,5.757109589,PV,c-Si,28.3,20.0,1.415,Tracking,Single Axis,Tracking,180,PV+Storage,,AC,2023.0,3.8095238095238093,15.238095238095237,10.79,7.89,,,Investor-owned Utility,35.306910901918954,,,,,,,,,,,,,,,,,0.280384790528233,CAISO,47.062378042568895,,-11.755467140649941,
61447,RE Gaskell West 3 LLC,2023-05-31,2023,CAISO,CA,34.83494,-118.551,5.757109589,PV,c-Si,28.3,20.0,1.415,Tracking,Single Axis,Tracking,180,PV+Storage,,AC,2023.0,3.8095238095238093,15.238095238095237,10.79,7.88,,,Investor-owned Utility,35.306910901918954,,,,,,,,,,,,,,,,,0.2807206284153,CAISO,47.062378042568895,,-11.755467140649941,
61448,RE Gaskell West 4 LLC,2023-05-31,2023,CAISO,CA,34.82787,-118.568,5.757109589,PV,c-Si,28.3,20.0,1.415,Tracking,Single Axis,Tracking,180,PV+Storage,,AC,2023.0,3.8095238095238093,15.238095238095237,10.87,7.77,,,Investor-owned Utility,35.306910901918954,,,,,,,,,,,,,,,,,0.284619763205828,CAISO,47.062378042568895,,-11.755467140649941,
66925,SR McNeal,2023-12-31,2023,West (non-ISO),AZ,31.555771,-109.701721,5.8009993151,PV,Thin-Film,28.0,20.0,1.4,Tracking,Single Axis,Tracking,180,PV+Storage,LFP,AC,2023.0,20.0,80.0,11.85,15.52,,,Public Utilities,23.859263641236147,,,,,,,,,,,,,,,,,0.328734061930783,,,,,
62854,St. James Solar (LA),2023-02-28,2023,MISO,LA,29.9734,-90.7335,4.6505308219,PV,c-Si,35.0,20.0,1.75,Tracking,Single Axis,Tracking,166,,,,,,,27.88,2.75,65.15,42.88,Monopoly Investor-owned Utility,48.11943493625803,,,,,,,,,,,,,,,,,0.258219489981785,MISO,55.100109118383095,58.15267132192334,-6.980674182125064,-10.033236385665312
65121,NY8 - Grissom Solar,2023-03-31,2023,NYISO,NY,42.971591,-74.317961,3.7367495434,PV,c-Si,27.0,20.0,1.35,Tracking,Single Axis,Tracking,180,,,,,,,30.28,8.45,119.91,86.9,Unknown,68.10964933459938,,,,,,,,,,,,,,,,,0.138849043715847,NYISO,,,,
65221,Watlington Solar,2023-03-31,2023,PJM,VA,36.68155,-78.886,4.3589990868,PV,c-Si,25.7,20.0,1.285,Tracking,Single Axis,Tracking,180,,,,,,,28.82,3.24,54.68,39.99,Monopoly Investor-owned Utility,33.32846515666844,,,,,,,,,,,,,,,,,0.225466757741347,PJM,67.26257488116934,69.4054084837035,-33.9341097245009,-36.07694332703505
65123,NY8 - Janis Solar,2023-03-31,2023,NYISO,NY,42.457091,-75.930181,3.6785164384,PV,c-Si,27.163240000000002,20.0,1.358162,Fixed Tilt,Fixed Tilt, ,180,,,,,,,32.37,10.46,80.23,58.89,Unknown,64.59040935271652,,,,,,,,,,,,,,,,,0.183179644808743,NYISO,,,,
65220,Pleasant Hill Solar,2023-06-30,2023,PJM,VA,36.6922,-76.5786,4.3510817352,PV,c-Si,26.6,20.0,1.33,Tracking,Single Axis,Tracking,180,,,,,,,30.43,3.17,,,Monopoly Investor-owned Utility,33.88536780117383,,,,,,,,,,,,,,,,,0.210689890710382,PJM,67.26257488116934,69.4054084837035,-33.377207079995515,-35.52004068252967
65839,NY8 - Darby Solar,2023-06-30,2023,NYISO,NY,42.97033,-73.5733,3.7622139269,PV,c-Si,27.002969999999998,20.0,1.3501485,Fixed Tilt,Fixed Tilt, ,180,,,,,,,32.9,10.91,78.49,57.67,Unknown,65.02498862408706,,,,,,,,,,,,,,,,,0.184164389799635,NYISO,,,,
65841,NY8 - ELP Stillwater Solar,2023-11-30,2023,NYISO,NY,42.92623,-73.711501,3.777989726,PV,c-Si,27.171045,20.0,1.35855225,Fixed Tilt,Fixed Tilt, ,180,,,,,,,32.73,10.73,86.31,62.55,Unknown,62.519180828033036,,,,,,,,,,,,,,,,,0.193949225865209,NYISO,,,,
66405,Chaves County Solar II,2023-04-30,2023,SPP,NM,33.431691,-104.435131,5.5833401826,PV,Thin-Film,43.3,30.0,1.4433333333333331,Tracking,Single Axis,Tracking,180,,,,,,,36.61,24.9,46.27,29.97,Public Utilities,25.419866175642312,,,,,,,,,,,,,,,,,0.259103673345476,SPP,46.824108692098186,48.39181586613081,-21.404242516455874,-22.9719496904885
66826,Prairie Creek Solar,2023-11-30,2023,MISO,IL,39.80605,-90.2244,4.1353812785,PV,Thin-Film,37.0,30.0,1.2333333333333334,Tracking,Single Axis,Tracking,181,,,,,,,28.9,2.46,57.85,37.44,Unknown,49.7242096901419,,,,,,,,,,,,,,,,,0.226772161505768,MISO,55.100109118383095,58.15267132192334,-5.375899428241198,-8.428461631781445
65630,SR Bell Buckle,2023-11-30,2023,Southeast (non-ISO),TN,35.574741,-86.458391,4.2829520548,PV,Thin-Film,49.128,35.0,1.403657142857143,Tracking,Single Axis,Tracking,180,,,,,,,23.71,23.0,85.9,61.63,Investor-owned Utility,20.57251671228891,,,,,,,,,,,,,,,,,0.225897736143637,,,,,
66569,"Black Mesa Solar, LLC",2023-06-30,2023,West (non-ISO),ID,42.905151,-115.182451,4.7698680365,PV,c-Si,54.0,40.0,1.35,Tracking,Single Axis,Tracking,180,PV+Storage,Lithium-Ion,,2024.0,40.0,160.0,21.14,20.65,54.93,40.24,Investor-owned Utility and Corporate,32.40487163288772,,,,,,,,,,,,,,,,,0.242611566484517,,,,,
61446,RE Gaskell West 2 LLC,2023-05-31,2023,CAISO,CA,34.83494,-118.551,5.757109589,PV,c-Si,60.57692307692308,45.0,1.3461538461538463,Tracking,Single Axis,Tracking,180,PV+Storage,,AC,2023.0,8.571428571428571,34.285714285714285,10.62,9.18,,,Corporate,20.757510767122305,,,,,,,,,,,,,,,,,0.240983606557377,CAISO,47.062378042568895,,-26.30486727544659,
66163,Jicarilla Solar 1 LLC,2023-07-30,2023,West (non-ISO),NM,36.31675,-107.278,5.3656285388,PV,c-Si,62.5,50.0,1.25,Tracking,Single Axis,Tracking, ,PV+Storage,LIB,AC,2023.0,20.0,80.0,11.85,0.64,56.75,37.92,Monopoly Investor-owned Utility,17.173196355343908,,,,,,,,,,,,,,,,,0.194585610200364,,,,,
63827,Partin Solar,2023-10-31,2023,Southeast (non-ISO),NC,36.26801,-80.8219,4.3845730594,PV,c-Si,69.92325,50.0,1.3984649999999998,Tracking,Single Axis,Tracking,180,,,,,,,23.51,28.79,87.44,66.36,Monopoly Investor-owned Utility,37.47930910900513,,,,,,,,,,,,,,,,,0.130330145719489,,,,,
66772,Estrella Solar & Storage,2023-12-31,2023,CAISO,CA,34.80779,-118.317,5.7757949772,PV,c-Si,70.0,56.0,1.25,Tracking,Single Axis,Tracking,180,PV+Storage,Lithium-Ion,AC,2023.0,28.0,112.0,10.22,8.01,54.24,35.25,Public Utilities,27.45530640374334,,,,,,,,,,,,,,,,,0.2387600019516,CAISO,47.062378042568895,,-19.607071638825555,
65963,Mesquite Solar 5,2023-07-30,2023,West (non-ISO),AZ,33.327451,-112.919141,5.8711141553,PV,c-Si,72.6,60.0,1.21,Tracking,Single Axis,Tracking,180,PV+Storage,LIB,AC,2023.0,60.0,240.0,9.32,9.46,61.19,44.41,Monopoly Investor-owned Utility,25.534697361511988,,,,,,,,,,,,,,,,,0.240076654523375,,,,,
66825,SR DeSoto III,2023-12-31,2023,Southeast (non-ISO),GA,31.86803,-84.0078,4.7527965753,PV,Thin-Film,83.17,60.0,1.3861666666666668,Tracking,Single Axis,Tracking,180,,,,,,,27.8,17.85,74.33,53.57,Public Utilities,31.01226717185024,,,,,,,,,,,,,,,,,0.244839101396478,,,,,
66635,Caden Energix Axton LLC,2023-12-31,2023,PJM,VA,36.66789,-79.755,4.3387616438,PV,Thin-Film,85.79994,66.0,1.299999090909091,Tracking,Single Axis,Tracking, ,,,,,,,30.63,3.73,85.38,53.31,Merchant,57.65660938991876,,,,,,,,,,,,,,,,,0.20769339570569,PJM,67.26257488116934,69.4054084837035,-9.60596549125058,-11.748799093784733
65519,Bell Ridge Solar,2023-09-30,2023,Southeast (non-ISO),FL,29.71873,-82.7108,4.7703906393,PV,c-Si,111.8,74.5,1.5006711409395972,Tracking,Single Axis,Tracking,180,,,,,,,,,37.8,23.1,Public Utilities,28.27639141017955,,,,,,,,,,,,,,,,,0.289589980562584,,,,,
63808,"Allora Solar, LLC",2023-01-31,2023,Southeast (non-ISO),SC,33.889371,-81.398741,4.5623666667,PV,c-Si,105.0,74.97,1.400560224089636,Tracking,Single Axis,Tracking,180,,,,,,,,,54.11,39.41,Public Utilities,30.778474833644644,,,,,,,,,,,,,,,,,0.231785185233777,,,,,
66699,Lockhart Solar PV II,2023-07-30,2023,CAISO,CA,35.04351,-117.349,5.9371958904,PV,Thin-Film,95.2,75.0,1.2693333333333334,Tracking,Single Axis,Tracking,180,PV+Storage,,,2024.0,22.5,90.0,8.57,8.82,38.85,22.55,Merchant,22.23022278749635,,,,,,,,,,,,,,,,,0.281700060716454,CAISO,47.062378042568895,,-24.832155255072546,
64032,MTSUN (Montana Sun),2023-01-31,2023,West (non-ISO),MT,45.871831,-108.645901,4.104446347,PV,c-Si,104.0,80.0,1.3,Tracking,Single Axis,Tracking,180,,,,,,,,,49.43,32.65,Investor-owned Utility,34.821009033083946,,,,,,,,,,,,,,,,,0.247417178961748,,,,,
64968,"Fall River Solar, LLC",2023-09-30,2023,SPP,SD,43.155231,-103.34401,4.4222853881,PV,c-Si,99.0,80.0,1.2375,Tracking,Single Axis,Tracking,180,,,,,,,15.86,27.72,46.48,31.79,Investor-owned Utility,29.326618263508344,,,,,,,,,,,,,,,,,0.247613558743169,SPP,46.824108692098186,48.39181586613081,-17.497490428589842,-19.06519760262247
66634,Adams Solar LLC PA,2023-12-31,2023,PJM,PA,39.883751,-77.205591,4.0059860731,PV,Thin-Film,105.4,80.0,1.3175000000000001,Tracking,Single Axis,Tracking,180,,,,,,,29.87,6.2,81.07,58.72,Public Utilities,39.84102703246971,,,,,,,,,,,,,,,,,0.201652151639344,PJM,67.26257488116934,69.4054084837035,-27.421547848699632,-29.564381451233785
65956,Storey Solar and Storage,2023-12-31,2023,West (non-ISO),AZ,32.888201,-111.49801,5.7017143836,PV,c-Si,122.0,88.0,1.3863636363636365,Tracking,Single Axis,Tracking,180,PV+Storage,LIB,AC,2023.0,88.0,264.0,13.99,16.28,51.28,36.59,Corporate,18.307227182440126,,,,,,,,,,,,,,,,,,,,,,
64489,Resurgence Solar I,2023-08-31,2023,CAISO,CA,35.011721,-117.559831,5.9509810502,PV,c-Si,108.9,90.0,1.21,Tracking,Single Axis,Tracking,180,PV+Storage,Lithium-Ion,AC,2023.0,75.0,300.0,8.8,7.14,34.28,17.98,Public Utilities,27.563183635815285,,,,,,,,,,,,,,,,,0.309239020441206,CAISO,47.062378042568895,,-19.49919440675361,
63766,Happy Solar 1,2023-10-31,2023,MISO,AR,35.167398,-91.656973,4.4608461187,PV,Thin-Film,135.0,95.0,1.4210526315789473,Tracking,Single Axis,Tracking,180,,,,,,,24.62,2.95,48.08,33.38,Public Utilities,24.079130227004555,,,,,,,,,,,,,,,,,0.244419279071996,MISO,55.100109118383095,58.15267132192334,-31.02097889137854,-34.07354109491879
63765,Black Bear Solar 1,2023-02-28,2023,Southeast (non-ISO),AL,32.19697,-86.3273,4.6638205479,PV,Thin-Film,130.0,100.0,1.3,Tracking,Single Axis,Tracking,180,,,,,,,27.8,36.12,42.38,27.69,Public Utilities,21.691730442333473,,,,,,,,,,,,,,,,,0.2458970856102,,,,,
64507,OETN1 (Skyhawk Solar),2023-03-31,2023,Southeast (non-ISO),TN,36.38638,-88.9919,4.332553653,PV,Thin-Film,127.0,100.0,1.27,Tracking,Single Axis,Tracking,180,,,,,,,23.42,46.81,55.28,40.59,Corporate,25.34953958720603,,,,,,,,,,,,,,,,,0.205267531876138,,,,,
64683,"Oak Trail Solar, LLC",2023-07-30,2023,PJM,NC,36.504221,-76.195261,4.3757107306,PV,c-Si,139.0,100.0,1.39,Tracking,Single Axis,Tracking,182,,,,,,,31.03,2.87,47.33,32.64,Corporate,31.25450369043914,,,,,,,,,,,,,,,,,0.270289162112932,PJM,67.26257488116934,69.4054084837035,-36.008071190730206,-38.15090479326436
66759,Delta's Edge Solar,2023-11-30,2023,MISO,MS,33.5,-90.1,4.5541344749,PV,c-Si,135.0,100.0,1.35,Tracking,Single Axis,Tracking, ,,,,,,,27.44,4.39,48.8,32.5,Public Utilities,35.23415276909532,,,,,,,,,,,,,,,,,0.236131602914389,MISO,55.100109118383095,58.15267132192334,-19.865956349287778,-22.918518552828026
66171,SR Snipesville III,2023-07-30,2023,Southeast (non-ISO),GA,31.704661,-82.734931,4.7406657534,PV,Thin-Film,153.0,107.0,1.4299065420560748,Tracking,Single Axis,Tracking,180,,,,,,,27.47,18.36,74.81,53.87,Public Utilities,25.811782500458364,,,,,,,,,,,,,,,,,0.253233363975282,,,,,
66541,Chesapeake Solar Project,2023-12-31,2023,PJM,VA,36.681071,-76.300221,4.3227315069,PV,c-Si,153.6,118.0,1.3016949152542372,Tracking,Single Axis,Tracking,181,,,,,,,31.05,3.62,48.3,33.6,Corporate,33.14533241581631,,,,,,,,,,,,,,,,,0.214158639745608,PJM,67.26257488116934,69.4054084837035,-34.11724246535303,-36.260076067887184
65225,"Waverly Solar, LLC",2023-12-31,2023,PJM,VA,37.02078,-77.1227,4.3201906393,PV,Thin-Film,153.40001,118.0,1.300000084745763,Tracking,Single Axis,Tracking, ,,,,,,,32.93,4.0,90.37,64.99,Monopoly Investor-owned Utility,52.41509944538068,,,,,,,,,,,,,,,,,0.193710251304374,PJM,67.26257488116934,69.4054084837035,-14.84747543578866,-16.990309038322813
66357,Yellow Pine Solar I,2023-07-30,2023,West (non-ISO),NV,36.06278,-115.78536,5.7274509132,PV,c-Si,175.0,125.0,1.4,Tracking,Single Axis,Tracking,180,PV+Storage,Lithium-Ion,AC,2023.0,65.0,260.0,10.71,4.7,33.57,18.87,Public Utilities,19.747614705513502,,,,,,,,,,,,,,,,,0.358383424408014,,,,,
66954,Umbriel Solar,2023-10-31,2023,MISO,TX,30.657001,-94.774271,4.5459506849,PV,Thin-Film,202.0,150.0,1.3466666666666667,Tracking,Single Axis,Tracking,183,,,,,,,28.04,2.77,53.98,35.38,Investor-owned Utility,34.396411904192554,,,,,,,,,,,,,,,,,0.245464480874316,MISO,55.100109118383095,58.15267132192334,-20.70369721419054,-23.75625941773079
63849,Chestnut (part of Westlands Solar Park),2023-12-31,2023,CAISO,CA,36.163311,-119.902811,5.34713379,PV,c-Si,210.0,150.6,1.3944223107569722,Tracking,Single Axis,Tracking,180,PV+Storage,LIB,AC,2023.0,135.0,540.0,3.12,8.38,43.85,29.16,Unknown,45.02659985147298,,,,,,,,,,,,,,,,,0.291850343011681,CAISO,47.062378042568895,,-2.0357781910959147,
65031,Bellflower Solar 1,2023-02-28,2023,PJM,IN,39.78674,-85.4164,3.9887714612,PV,Thin-Film,173.0,152.5,1.1344262295081968,Tracking,Single Axis,Tracking,180,,,,,,,33.12,3.93,49.16,34.47,Corporate,31.18322774131614,,,,,,,,,,,,,,,,,0.197371524978351,PJM,67.26257488116934,69.4054084837035,-36.0793471398532,-38.22218074238735
63441,Pachwáywit Fields (Montague Solar),2023-04-30,2023,West (non-ISO),OR,45.539931,-120.180381,4.3757979452,PV,c-Si,205.0,162.0,1.2654320987654322,Tracking,Single Axis,Tracking,180,,,,,,,,,56.54,37.07,Investor-owned Utility,38.381587594562156,,,,,,,,,,,,,,,,,0.2200331972835,,,,,
64864,Chaparral Springs (Willow Spring Solar 3),2023-03-31,2023,CAISO,CA,34.87076,-118.32001,5.7757949772,PV,,,174.0,,Tracking,Single Axis,Tracking,180,,,,,,,,,,,Public Utilities,24.444527331819504,,,,,,,,,,,,,,,,,0.290738908778761,CAISO,47.062378042568895,,-22.61785071074939,
64212,Pike Solar Hybrid,2023-12-31,2023,West (non-ISO),CO,38.624351,-104.620121,5.0011926941,PV,c-Si,223.8,175.0,1.278857142857143,Tracking,Single Axis,Tracking,180,,,,,,,14.76,18.66,37.63,22.93,Public Utilities,19.283344800576533,,,,,,,,,,,,,,,,,0.280388368462138,,,,,
65483,"Big Cypress Solar, LLC",2023-12-31,2023,MISO,AR,35.341541,-90.312871,4.4561744292,PV,c-Si,202.4,180.0,1.1244444444444446,Tracking,Single Axis,Tracking,180,,,,,,,25.45,2.95,40.33,25.64,Public Utilities and Corporate,25.212760372112026,,,,,,,,,,,,,,,,,0.258261232544019,MISO,55.100109118383095,58.15267132192334,-29.88734874627107,-32.93991094981132
64635,"Big Plain Solar, LLC",2023-09-30,2023,PJM,OH,39.85566,-83.3284,3.9837424658,PV,Thin-Film,266.0,196.0,1.3571428571428572,Tracking,Single Axis,Tracking,180,,,,,,,33.86,3.26,47.6,32.9,Corporate,30.57562376645448,,,,,,,,,,,,,,,,,0.237801336381547,PJM,67.26257488116934,69.4054084837035,-36.68695111471486,-38.82978471724901
64481,Arlington Energy Center II,2023-10-31,2023,CAISO,CA,33.69088,-114.7749,5.7975968037,PV,c-Si,316.41400000000004,233.0,1.358,Tracking,Single Axis,Tracking,180,PV+Storage,Lithium-Ion,AC,2022.0,132.0,528.0,10.88,6.82,34.53,19.83,Public Utilities,22.559747357169666,,,,,,,,,,,,,,,,,0.324353389307128,CAISO,47.062378042568895,,-24.50263068539923,
66627,Sonoran Solar Energy,2023-12-31,2023,West (non-ISO),AZ,33.241741,-112.539011,5.8733410959,PV,c-Si,490.0,260.0,1.8846153846153846,Tracking,Single Axis,Tracking,180,PV+Storage,LIB,AC,2023.0,260.0,1060.0,16.77,22.44,57.11,42.41,Corporate,18.307227182440126,,,,,,,,,,,,,,,,,,,,,,
61852,Eagle Shadow Mountain Solar Farm,2023-05-31,2023,West (non-ISO),NV,36.62976,-114.684,5.698572831,PV,c-Si,387.0,300.0,1.29,Tracking,Single Axis,Tracking,180,,,,,,,11.2,3.41,31.53,15.23,Investor-owned Utility,19.39970901235455,,,,,,,,,,,,,,,,,0.344912340619307,,,,,
65077,Cottontail Solar 2,2024-02-28,2024,PJM,PA,39.937271,-76.771001,3.9902803653,PV,c-Si,25.01,20.0,1.2505000000000002,Tracking,Single Axis,,180,,,,,,,,,82.53,59.17,Non-IOU Retailer,31.23975458984072,,,,,,,,,,,,,,,,,,PJM,67.26257488116934,69.4054084837035,-36.02282029132862,-38.165653893862775
65840,NY8 - Teichos Pattersonville,2024-02-28,2024,NYISO,NY,42.882711,-74.091431,3.8198995434,PV,c-Si,27.4,20.0,1.3699999999999999,Tracking,Single Axis,,180,,,,,,,,,108.99,78.07,Public Utilities,61.426546507003536,,,,,,,,,,,,,,,,,,NYISO,,,,
66126,Hecate Energy Albany 2 (Coeymans solar farm),2024-04-30,2024,NYISO,NY,42.511635,-73.830964,3.7959260274,PV,c-Si,24.96,20.0,1.248,Tracking,Single Axis,,180,,,,,,,,,110.11,78.25,Investor-owned Utility,63.76265653069385,,,,,,,,,,,,,,,,,,NYISO,,,,
66631,"Earp Solar, LLC",2024-04-30,2024,MISO,IL,40.891821,-90.668801,3.9942426941,PV,c-Si,48.0,35.0,1.3714285714285714,Tracking,Single Axis,,180,,,,,,,,,90.75,56.43,Unknown,48.63264731419098,,,,,,,,,,,,,,,,,,MISO,55.100109118383095,58.15267132192334,-6.467461804192112,-9.52002400773236
65805,"East Point Energy Center, LLC",2024-05-31,2024,NYISO,NY,42.46137,-74.3351,3.7331089041,PV,c-Si,,50.0,,Tracking,Single Axis,Tracking,180,,,,,,,,,99.48,71.49,Public Utilities,65.65279960498845,,,,,,,,,,,,,,,,,,NYISO,,,,
66047,"Glover Creek Solar, LLC",2024-06-30,2024,PJM,KY,36.901441,-85.712001,4.2027041096,PV,c-Si,75.55,55.0,1.3736363636363635,Tracking,Single Axis,,180,,,,,,,,,,,Non-IOU Retailer,42.490381856719075,,,,,,,,,,,,,,,,,,PJM,67.26257488116934,69.4054084837035,-24.772193024450267,-26.91502662698442
63984,"Horseshoe Solar, LLC",2024-05-31,2024,West (non-ISO),UT,40.71828,-112.666,4.7462178082,PV,c-Si,97.5,75.0,1.3,Tracking,Single Axis,Tracking,180,,,,,,,,,53.84,38.03,Investor-owned Utility,25.520077648209085,,,,,,,,,,,,,,,,,,,,,,
63983,"Rocket Solar, LLC",2024-02-28,2024,West (non-ISO),UT,41.639531,-112.436521,4.6829376712,PV,c-Si,104.0,80.0,1.3,Tracking,Single Axis,,180,,,,,,,,,50.77,34.95,Investor-owned Utility,25.51211009352654,,,,,,,,,,,,,,,,,,,,,,
66276,Blake Solar Plant,2024-03-31,2024,PJM,WV,39.264681,-77.829621,4.0992732877,PV,c-Si,99.9,80.0,1.24875,Tracking,Single Axis,,182,,,,,,,,,70.98,51.56,Investor-owned Utility,43.12208403751287,,,,,,,,,,,,,,,,,,PJM,67.26257488116934,69.4054084837035,-24.140490843656472,-26.283324446190626
66267,Steel Solar LLC,2024-06-30,2024,West (non-ISO),UT,41.889001,-112.180551,4.5729796804,PV,c-Si,,80.0,,Tracking,Single Axis,,180,,,,,,,,,53.74,37.92,Public Utilities,27.788772179931225,,,,,,,,,,,,,,,,,,,,,,
64739,"Elektron Solar, LLC",2024-05-31,2024,West (non-ISO),UT,40.868271,-112.70301,4.8379785388,PV,c-Si,106.0,80.0,1.325,Tracking,Single Axis,,180,,,,,,,,,54.23,38.41,Investor-owned Utility,24.778537601930132,,,,,,,,,,,,,,,,,,,,,,
65765,"High River Energy Center, LLC",2024-08-31,2024,NYISO,NY,42.902575,-74.140757,3.7695984018,PV,c-Si,,90.0,,Fixed Tilt,Fixed Tilt,18,180,,,,,,,,,93.77,67.72,Public Utilities,57.48775450838609,,,,,,,,,,,,,,,,,,NYISO,,,,
64853,New Market Solar (Highland 2),2024-02-28,2024,PJM,OH,39.07183,-83.7961,4.0408015982,PV,c-Si,123.5,100.0,1.235,Tracking,Single Axis,Tracking,180,,,,,,,,,64.8,41.64,Public Utilities,32.09525449369576,,,,,,,,,,,,,,,,,,PJM,67.26257488116934,69.4054084837035,-35.16732038747358,-37.310153990007734
66369,"Wildflower Solar, LLC (MS)",2024-05-31,2024,MISO,MS,34.957871,-90.173061,4.4643196347,PV,c-Si,131.0,100.0,1.31,Tracking,Single Axis,,180,,,,,,,,,73.43,46.68,Corporate,26.355391134614155,,,,,,,,,,,,,,,,,,MISO,55.100109118383095,58.15267132192334,-28.74471798376894,-31.797280187309187
67190,Franklin Solar Hybrid,2024-05-31,2024,West (non-ISO),ID,42.204391,-114.610231,4.5690707763,PV,c-Si,130.0,100.0,1.3,Tracking,Single Axis,,180,,,,,,,,,56.81,40.99,Investor-owned Utility,28.670527291841243,,,,,,,,,,,,,,,,,,,,,,
65402,"Arche Energy Project, LLC",2024-01-31,2024,PJM,OH,41.668376,-84.286583,3.8371052511,PV,c-Si,133.84,107.0,1.2508411214953272,Tracking,Single Axis,,179,,,,,,,,,,,Corporate,37.52297504348523,,,,,,,,,,,,,,,,,,PJM,67.26257488116934,69.4054084837035,-29.73959983768411,-31.882433440218264
66955,Three Corners Solar,2024-07-30,2024,ISO-NE,ME,44.612621,-69.451801,3.6858027397,PV,Thin-Film,151.7,110.0,1.379090909090909,Tracking,Single Axis,,181,,,,,,,,,,,Corporate,62.056924277186,,,,,,,,,,,,,,,,,,ISO-NE,101.1798073345134,,-39.1228830573274,
67091,Yellow Pine II,2024-07-30,2024,West (non-ISO),NV,36.075511,-115.791001,5.7274509132,PV,c-Si,175.0,125.0,1.4,Tracking,Single Axis,,180,,LIB,AC,2024.0,85.0,340.0,,,32.62,15.08,Public Utilities,34.60978068126106,,,,,,,,,,,,,,,,,,,,,,
65936,Honeysuckle Solar Farm,2024-06-30,2024,PJM,IN,41.719,-86.464,3.834480137,PV,c-Si,187.5,150.0,1.25,Tracking,Single Axis,Tracking,180,,,,,,,,,63.99,46.95,Investor-owned Utility,50.34084227710726,,,,,,,,,,,,,,,,,,PJM,67.26257488116934,69.4054084837035,-16.921732604062086,-19.06456620659624
67147,South Cheyenne Solar,2024-04-30,2024,West (non-ISO),WY,41.015171,-104.793991,4.5566369863,PV,c-Si,,150.0,,Tracking,Single Axis,,180,,,,,,,,,45.58,29.76,Investor-owned Utility,33.28597095728321,,,,,,,,,,,,,,,,,,,,,,
68274,Morris Ridge Solar,2024-11-30,2024,NYISO,NY,42.66309,-77.8908,3.7364723744,PV,c-Si,230.5,177.0,1.3022598870056497,Tracking,Single Axis,Tracking,180,,,,,,,,,94.84,68.44,Public Utilities,57.37198027680293,,,,,,,,,,,,,,,,,,NYISO,,,,
66814,Sky Ranch Solar,2024-04-30,2024,West (non-ISO),NM,34.773121,-106.795131,5.5962527397,PV,c-Si,,190.0,,Tracking,Single Axis,,180,,LIB,AC,2024.0,50.0,200.0,,,39.87,24.05,Corporate,16.74468939348223,,,,,,,,,,,,,,,,,,,,,,
66270,Proxima,2024-06-30,2024,CAISO,CA,37.400351,-121.163001,5.1851568493,PV,,,190.0,,Tracking,Single Axis,,180,,LIB,AC,2024.0,162.0,648.0,,,48.06,32.24,Public Utilities,32.646713251384455,,,,,,,,,,,,,,,,,,CAISO,47.062378042568895,,-14.41566479118444,
65743,Victory Pass,2024-03-31,2024,CAISO,CA,33.717221,-115.323311,5.8553680365,PV,c-Si,272.0,200.0,1.36,Tracking,Single Axis,,180,,LIB,AC,2024.0,50.0,200.0,,,39.63,22.09,Public Utilities,22.497670206568024,,,,,,,,,,,,,,,,,,CAISO,47.062378042568895,,-24.56470783600087,
64908,Scarlet Solar (CA),2024-06-30,2024,CAISO,CA,36.597541,-120.362001,5.3220723744,PV,c-Si,272.83,200.0,1.36415,Tracking,Single Axis,,180,,LIB,AC,2024.0,40.0,200.0,,,48.82,33.0,Public Utilities,19.5554472176065,,,,,,,,,,,,,,,,,,CAISO,47.062378042568895,,-27.506930824962396,
65678,Appaloosa Solar I,2024-01-31,2024,West (non-ISO),UT,37.84016,-113.136,5.2485242009,PV,c-Si,,200.0,,Tracking,Single Axis,,179,,,,,,,,,,,Investor-owned Utility,20.797833292844864,,,,,,,,,,,,,,,,,,,,,,
66888,OE_ESCL,2024-06-30,2024,West (non-ISO),NM,35.417701,-108.095711,5.3916438356,PV,c-Si,,200.0,,Tracking,Single Axis,,180,,,,,,,,,43.7,26.16,Public Utilities,23.452318596925927,,,,,,,,,,,,,,,,,,,,,,
65744,Arica Solar,2024-03-31,2024,CAISO,CA,33.720451,-115.318511,5.8553680365,PV,c-Si,350.0,263.0,1.3307984790874525,Tracking,Single Axis,,180,,LIB,AC,2024.0,136.0,544.0,,,41.97,24.42,Public Utilities and Corporate,19.768309324154103,,,,,,,,,,,,,,,,,,CAISO,47.062378042568895,,-27.294068718414792,
63172,Arroyo Solar Energy Storage Hybrid,2024-01-31,2024,West (non-ISO),NM,35.970351,-107.563001,5.4627979452,PV,c-Si,,300.0,,Tracking,Single Axis,,180,,LIB,,2023.0,150.0,600.0,,,46.63,29.08,Monopoly Investor-owned Utility,15.864736186255652,,,,,,,,,,,,,,,,,,,,,,
61168,"Eland Solar & Storage Center, Phase 1 Hy",2024-11-30,2024,West (non-ISO),CA,35.223701,-117.977001,5.8586210046,PV,c-Si,384.0,309.6,1.2403100775193798,Tracking,Single Axis,,180,,LIB,AC,2024.0,150.0,600.0,,,48.39,30.84,Public Utilities,15.905470304588452,,,,,,,,,,,,,,,,,,,,,,
